"","Maximumverticalheight","Numberoffertilestamens","Numberofovulesperfunctionalcarpel","Numberofstructuralcarpels","Fusionofovaries","flowerSize","seedMass","Woodiness","Climbing","Aquatic","SexualSystem","Lifespan","Mating","Pollination","DispersalMode","DispersalDist","FlowerSex","OvaryPosition","FloralReward","FlowerSymmetry","Showiness"
"Abolboda_pulchella",-1.06386227395981,-0.85766444015512,0.626698666773955,-0.225697390148843,0.410413406723783,-0.663637791147085,-0.903987993464573,"herbaceous","non-climbing","non-aquatic","monomorphic","long","mixed","biotic","abiotic","long","bisexual","superior","nectar","zygomorphic","bright"
"Achatocarpus_praecox",0.667956798104982,0.740368911559725,-0.784439733353737,-0.570138569082411,0.410413406723782,-0.594531084327043,0.921466180475021,"woody","non-climbing","non-aquatic","dimorphic","long","outcrossing","biotic","biotic","long","unisexual","superior","nectar_other","actinomorphic","bright_dull"
"Acorus_calamus",-0.0443398065095567,-0.195963182020604,0.114582980609079,0.0384931216028799,0.410413406723782,-1.12899277770106,-0.120773856637053,"herbaceous","non-climbing","non-aquatic","monomorphic","long","outcrossing","biotic","abiotic","long","bisexual","superior","other","zygomorphic","bright_dull"
"Actinidia_chinensis",0.562557543274467,2.90818455233488,0.834226065733858,3.44394693691401,0.410413406723782,1.19246061401695,-0.367365618947187,"woody","climbing","non-aquatic","dimorphic","long","outcrossing","abiotic_biotic","biotic","long","unisexual","superior","none_pollen","actinomorphic","bright"
"Aerva_javanica",-0.367851123969636,-0.370013379293491,-0.784439733353737,-0.235184378978198,0.410413406723782,-1.61214989860273,-0.866522475138911,"herbaceous_woody","non-climbing","non-aquatic","dimorphic","long","outcrossing","biotic","abiotic","long","unisexual","superior","none","actinomorphic","bright"
"Aextoxicon_punctatum",0.834264483261393,-0.279027124630229,-0.370129232592074,-1.61060131658324,0.0446815291494068,-0.415260878169663,1.18591529627324,"woody","non-climbing","non-aquatic","dimorphic","long","outcrossing","biotic","biotic","long","unisexual","superior","pollen","actinomorphic","bright"
"Agalinis_neoscotica",-0.897554588803396,-0.583033604709306,-0.0237526614096859,-0.570138569082411,0.380727377699889,-0.101938099809115,-0.536138826697109,"herbaceous","non-climbing","non-aquatic","monomorphic","short","mixed","biotic","abiotic","long","bisexual","superior","nectar","zygomorphic","bright"
"Ailanthus_altissima",1.59836546534908,0.291687878841025,-0.784439733353737,0.805278368522632,0.241203041287587,-0.415260878169663,0.481926844235318,"woody","non-climbing","non-aquatic","dimorphic","long","outcrossing","biotic","abiotic","long","unisexual","superior","nectar","actinomorphic","bright_dull"
"Ainsliaea_cordifolia",-0.934864011536391,-0.370013379293491,-0.784439733353737,-0.570138569082411,0.410413406723782,0.127462820139255,-0.335953386621733,"herbaceous","non-climbing","non-aquatic","monomorphic","long","outcrossing","biotic","abiotic","long","bisexual","inferior","nectar","actinomorphic","bright"
"Ajuga_reptans",-1.11416315147397,-0.583033604709306,-0.104672078162626,-0.570138569082411,0.410413406723782,-0.0162440561055187,-0.412723422870071,"herbaceous","non-climbing","non-aquatic","dimorphic_monomorphic","long","outcrossing","biotic","biotic","short","bisexual_unisexual","superior","nectar_pollen","zygomorphic","bright"
"Akebia_quinata",0.933610327718899,-0.195963182020604,2.21053575822088,1.07895586910371,-2.55818949566563,-0.140316548176278,0.378039068948995,"woody","climbing","non-aquatic","monomorphic","long","outcrossing","biotic","autonomous","short","unisexual","superior","none_pollen","actinomorphic","bright"
"Albizia_julibrissin",1.23496968567174,1.16640936239136,0.834226065733858,-1.61060131658324,-0.674116186949149,-0.415260878169663,0.55352901680621,"woody","non-climbing","non-aquatic","monomorphic","long","outcrossing","biotic","abiotic_autonomous","long_short","bisexual_unisexual","superior","nectar_pollen","actinomorphic","bright_dull"
"Alepis_flavida",-0.367851123969636,-0.279027124630229,0.107271544569678,-0.151474504036141,0.351041348675995,0.183183632046868,-0.156217688613367,"woody","non-climbing","non-aquatic","monomorphic","long","mixed","biotic","biotic","long","bisexual","inferior","nectar","actinomorphic","bright"
"Allanblackia_floribunda",1.59836546534908,3.07708846693627,0.943203982132403,0.805278368522632,0.162535064374267,1.16694034440302,0.738343107715683,"woody","non-climbing","non-aquatic","dimorphic","long","outcrossing","biotic","biotic","long","unisexual","superior","pollen","actinomorphic","bright"
"Allium_sativum",-1.06386227395981,-0.195963182020604,-0.370129232592074,0.0384931216028799,0.330261128359269,-0.0558735811064274,-0.287854628544982,"herbaceous","non-climbing","non-aquatic","monomorphic","long","selfing","autonomous","autonomous","short","bisexual_unisexual","superior","nectar","actinomorphic_zygomorphic","bright"
"Allium_schoenoprasum",-0.97474847375366,-0.195963182020604,-0.370129232592074,0.0384931216028799,0.380727377699889,-0.188742675180321,-0.507669686387111,"herbaceous","non-climbing","non-aquatic","monomorphic","long","outcrossing","biotic","autonomous","short","bisexual","superior","nectar","actinomorphic","bright"
"Allocasuarina_verticillata",0.75707059831113,-1.90643612097834,-0.784439733353737,-1.00196962589795,0.410413406723782,-0.313570193907975,-0.0995638175124811,"woody","non-climbing","non-aquatic","dimorphic","long","outcrossing","abiotic","abiotic","long","unisexual","superior","none","actinomorphic","bright"
"Alluaudia_procera",1.19766026293874,0.0786676534252094,-0.784439733353737,0.0384931216028799,0.410413406723782,-1.61214989860273,-0.271647041784808,"woody","non-climbing","non-aquatic","dimorphic","long","outcrossing","biotic","abiotic","long","unisexual","superior","other","other","bright_dull"
"Alnus_alnobetula",0.96326274568481,-0.583033604709306,-0.54208362675316,-0.235184378978198,0.410413406723782,-1.27967388009472,-0.70152888426459,"woody","non-climbing","non-aquatic","monomorphic","long","outcrossing","abiotic","abiotic","long","unisexual","inferior","none","actinomorphic","dull"
"Aloe_thraskii",0.216950718180477,-0.195963182020604,-0.00956262485517235,-0.123472385201974,0.321355319652101,0.51507428576064,0.335475098038815,"woody","non-climbing","non-aquatic","monomorphic","long","mixed","biotic","biotic","long","bisexual","inferior","nectar","zygomorphic","bright"
"Alphitonia_excelsa",1.3921733179754,-0.370013379293491,-0.784439733353737,0.0384931216028799,0.380727377699889,-0.222604777099855,0.399474280971767,"woody","non-climbing","non-aquatic","monomorphic","long","outcrossing","biotic","biotic","long","bisexual","inferior","nectar","actinomorphic","bright_dull"
"Alseuosmia_macrophylla",0.132199922898212,-0.370013379293491,1.571537147645,-0.570138569082411,0.401507598016615,0.918563431425594,-0.0923469747530817,"woody","non-climbing","non-aquatic","monomorphic","long","outcrossing","biotic","biotic","long","bisexual","inferior","nectar","actinomorphic","bright"
"Alstroemeria_aurea",-0.534158809126048,-0.195963182020604,1.04940823367059,0.0384931216028799,0.351041348675995,1.16694034440302,0.354443161214395,"herbaceous","non-climbing","non-aquatic","monomorphic","long","mixed","biotic","autonomous","short","bisexual","inferior","nectar","zygomorphic","bright"
"Alyssum_simplex",-1.46456747637015,-0.195963182020604,-0.370129232592074,-0.570138569082411,0.410413406723782,-1.41949379753292,-0.55919034136209,"herbaceous","non-climbing","non-aquatic","monomorphic","short","selfing","biotic","abiotic","long","bisexual","superior","nectar","actinomorphic","bright"
"Amborella_trichopoda",0.834264483261393,0.769744556192987,-0.784439733353737,0.805278368522632,-2.55818949566563,-1.01370538838619,-0.124728819310252,"woody","non-climbing","non-aquatic","dimorphic","long","outcrossing","abiotic_biotic","autonomous_biotic","long_short","unisexual","superior","none_other","actinomorphic","bright"
"Amsonia_tabernaemontana",-0.616884749769426,-0.370013379293491,-0.243253659395349,-0.570138569082411,-2.55818949566563,0.331554491398817,0.790980235767252,"herbaceous","non-climbing","non-aquatic","monomorphic","long","mixed","biotic","biotic","long","bisexual","superior","nectar_pollen","actinomorphic","bright"
"Anarthria_polyphylla",-1.69896499362408,-0.85766444015512,-0.784439733353737,0.0384931216028799,0.410413406723782,-0.821049287316386,-0.530368915583249,"herbaceous","non-climbing","non-aquatic","dimorphic","long","outcrossing","abiotic","abiotic","long","unisexual","superior","none","actinomorphic","dull"
"Angelonia_pubescens",-0.574043271343317,-0.583033604709306,-0.402714768447676,-0.570138569082411,0.410413406723782,0.0678962427320051,-0.0564092445420498,"herbaceous","non-climbing","non-aquatic","monomorphic","short","selfing","biotic","biotic","long","bisexual","superior","other","zygomorphic","bright"
"Anigozanthos_humilis",-0.713457949063626,-0.195963182020604,1.56570565061162,0.0384931216028799,0.351041348675995,0.918563431425594,-0.69585361309568,"herbaceous","non-climbing","non-aquatic","monomorphic","long","outcrossing","biotic","abiotic","long","bisexual","inferior","nectar","zygomorphic","bright"
"Annona_crassiflora",0.75707059831113,1.0248045664154,-0.232104330568223,0.328337344141094,0.238234438385197,0.795014037175827,2.03473025526452,"woody","non-climbing","non-aquatic","monomorphic","long","outcrossing","biotic","biotic","long","bisexual","superior","other","actinomorphic","bright_dull"
"Antirrhinum_majus",-0.768556326379979,-0.583033604709306,1.3389832672664,-0.570138569082411,0.410413406723782,0.883318826525087,-1.12441596222058,"herbaceous","non-climbing","non-aquatic","monomorphic","long","outcrossing","biotic","autonomous","short","bisexual","superior","pollen","zygomorphic","bright"
"Apium_graveolens",-0.367851123969636,-0.370013379293491,-0.784439733353737,-0.570138569082411,0.410413406723782,-1.86052681158015,-0.820033069228012,"herbaceous","non-climbing","non-aquatic","monomorphic","short","mixed","biotic","abiotic","long","bisexual","inferior","nectar","actinomorphic","bright"
"Aquilegia_canadensis",-0.740350956499728,1.61509039511006,1.79622525745921,0.805278368522632,-2.55818949566563,0.725907330355786,-0.461353990604168,"herbaceous","non-climbing","non-aquatic","monomorphic","long","mixed","biotic","autonomous","short","bisexual","superior","nectar_pollen","actinomorphic","bright"
"Arabidopsis_thaliana",-1.375453676164,-0.195963182020604,1.61083830463997,-0.570138569082411,0.410413406723782,-1.41949379753292,-1.64808863171875,"herbaceous","non-climbing","non-aquatic","monomorphic","short","selfing","autonomous_biotic","abiotic_autonomous","long_short","bisexual","superior","nectar","actinomorphic_other","bright"
"Aralidium_pinnatifidum",0.96326274568481,-0.370013379293491,-1.1987502341154,0.0384931216028799,0.410413406723782,-1.41949379753292,0.717964613653293,"woody","non-climbing","non-aquatic","dimorphic","long","outcrossing","biotic","biotic","long","unisexual","inferior","nectar_other","actinomorphic","bright"
"Arctostaphylos_uva-ursi",-1.67075962374383,0.291687878841025,-0.784439733353737,0.805278368522632,0.410413406723782,-1.61214989860273,0.347878593360815,"woody","non-climbing","non-aquatic","monomorphic","long","outcrossing","autonomous_biotic","biotic","long","bisexual","superior","nectar","actinomorphic","bright"
"Arum_maculatum",-1.00876389664345,-0.710507095157211,-0.370129232592074,-1.61060131658324,-0.339900976855142,-1.86052681158015,0.846221255497522,"herbaceous","non-climbing","non-aquatic","monomorphic","long","mixed","biotic","biotic","long","unisexual","superior","none","actinomorphic","dull"
"Asparagus_officinalis",-0.0443398065095567,-0.195963182020604,-0.619016934851966,0.0384931216028799,0.410413406723782,-0.821049287316386,0.400003750829762,"herbaceous","non-climbing","non-aquatic","dimorphic","long","outcrossing","biotic","biotic","long","unisexual","superior","nectar_pollen","actinomorphic","bright_dull"
"Astelia_alpina",-1.06386227395981,-0.195963182020604,0.700847875531827,0.0384931216028799,0.410413406723782,-1.01370538838619,-0.463884459066725,"herbaceous","non-climbing","non-aquatic","dimorphic","long","outcrossing","biotic","biotic","long","unisexual","superior","nectar","actinomorphic","dull"
"Audouinia_capitata",-0.897554588803396,-0.370013379293491,-0.370129232592074,0.0384931216028799,0.327292525456879,-0.222604777099855,-0.31953094590266,"woody","non-climbing","non-aquatic","monomorphic","long","outcrossing","biotic","abiotic","long","bisexual","intermediate","nectar","actinomorphic","bright"
"Avicennia_marina",0.447833966810347,-0.583033604709306,-0.370129232592074,-0.570138569082411,0.410413406723782,-0.670862711360129,1.87184807464978,"woody","non-climbing","non-aquatic","monomorphic","long","mixed","biotic","abiotic","long","bisexual","superior","nectar","actinomorphic","bright"
"Azima_tetracantha",-0.428759554295533,-0.583033604709306,-0.784439733353737,-0.570138569082411,0.410413406723782,0.858996854018345,0.532704722596073,"woody","non-climbing","non-aquatic","dimorphic","long","outcrossing","abiotic","biotic","long","unisexual","superior","none","actinomorphic","bright_dull"
"Bagassa_guianensis",1.7273637277725,-1.24473486284382,-0.516495857185952,-0.934941672373093,-0.0964755388592099,-2.21059440881926,0.453165964884721,"woody","non-climbing","non-aquatic","dimorphic","long","outcrossing","abiotic_biotic","biotic","long","unisexual","superior","none","actinomorphic","dull"
"Balanophora_laxiflora",-0.326596494755744,-0.370013379293491,-0.338226665833944,-0.18721442607457,0.330261128359269,0.127462820139255,-0.0400452296091947,"herbaceous","non-climbing","non-aquatic","dimorphic","long","outcrossing","biotic","biotic","long","unisexual","inferior","nectar","zygomorphic","bright"
"Balanops_pancheri",0.43355928085105,-0.370013379293491,-0.370129232592074,-0.570138569082411,0.410413406723782,-1.12124905605699,0.611065210056536,"woody","non-climbing","non-aquatic","dimorphic","long","outcrossing","abiotic","biotic","long","unisexual","superior","none","actinomorphic","dull"
"Bdallophytum_americanum",-1.4094690990538,0.191107240668097,0.151547502604734,1.76874626773781,-0.610785991698175,-0.357855435625835,-0.363556727350422,"herbaceous","non-climbing","non-aquatic","dimorphic","long","outcrossing","biotic","biotic","long_short","unisexual","inferior","nectar","actinomorphic","bright"
"Begonia_heracleifolia",-0.678455869304059,1.06582872421843,1.36569398216342,0.0384931216028799,0.0957414990705046,-0.0651932809305539,-1.94668386466132,"herbaceous","non-climbing","non-aquatic","monomorphic","long_short","mixed","biotic","autonomous","short","bisexual","inferior","nectar","zygomorphic","bright"
"Bergeranthus_multiceps",-1.8279632560475,3.06410006081482,-0.0472831767608785,1.82403403304268,-1.62357434856336,0.375839733116676,-0.306106074933893,"herbaceous","non-climbing","non-aquatic","monomorphic","long","outcrossing","biotic","biotic","long","bisexual","superior","nectar_pollen","actinomorphic","bright"
"Berteroa_incana",-0.574043271343317,-0.195963182020604,-0.253887817987464,-0.570138569082411,0.410413406723782,-1.26208230136362,-0.713221134664891,"herbaceous","non-climbing","non-aquatic","monomorphic","long_short","outcrossing","biotic","abiotic","long","bisexual","superior","nectar","actinomorphic","bright"
"Bertholletia_excelsa",1.89367141292891,2.61489579808924,0.528893481370741,0.470324178418419,0.410413406723782,0.568495834186485,2.06124508994945,"woody","non-climbing","non-aquatic","monomorphic","long","outcrossing","biotic","biotic","long","bisexual","inferior","nectar_pollen","zygomorphic","bright"
"Beta_vulgaris",0.0328540784407074,-0.370013379293491,-0.784439733353737,-0.235184378978198,0.410413406723782,-0.821049287316386,0.314598216053621,"herbaceous","non-climbing","non-aquatic","dimorphic_monomorphic","long_short","mixed","abiotic","abiotic_autonomous","long_short","bisexual_unisexual","intermediate","none","actinomorphic","dull"
"Bixa_orellana",0.96326274568481,3.87108866702479,1.51263047610611,-0.570138569082411,0.410413406723782,1.0759749275949,0.436973547434525,"woody","non-climbing","non-aquatic","monomorphic","long","mixed","biotic","biotic","short","bisexual","superior","pollen","actinomorphic","bright"
"Borago_officinalis",-0.768556326379979,-0.370013379293491,-0.370129232592074,-0.570138569082411,0.410413406723782,0.568495834186485,0.30742565286126,"herbaceous","non-climbing","non-aquatic","monomorphic","short","selfing","biotic","biotic","short","bisexual","superior","nectar","actinomorphic","bright"
"Brasenia_schreberi",-0.133453606715704,1.22203479216604,-0.54208362675316,2.06852999930897,-2.55818949566563,0.375839733116676,0.054660582740791,"herbaceous","non-climbing","aquatic_non-aquatic","monomorphic","long","mixed","abiotic","abiotic","long","bisexual","superior","none","actinomorphic","bright_dull"
"Bretschneidera_sinensis",1.36396794809515,0.0786676534252094,-0.370129232592074,0.0384931216028799,0.410413406723782,0.858996854018345,0.892461968797644,"woody","non-climbing","non-aquatic","monomorphic","long","mixed","biotic","autonomous","short","bisexual","superior","nectar","zygomorphic","bright"
"Bruguiera_gymnorhiza",1.68747926555523,1.0443753916388,-0.0647966482289581,0.0384931216028799,0.410413406723782,0.795014037175827,2.42259428139284,"woody","non-climbing","non-aquatic","monomorphic","long","mixed","biotic","abiotic","long","bisexual","inferior","nectar","actinomorphic","bright_dull"
"Buddleja_davidii",0.562557543274467,-0.583033604709306,0.942139725896839,-0.0949547505402131,0.410413406723783,-0.594531084327043,-1.17770258801667,"woody","non-climbing","non-aquatic","monomorphic","long","outcrossing","biotic","abiotic","long","bisexual","superior","nectar","actinomorphic","bright"
"Bursera_simaruba",1.19766026293874,0.291687878841025,-0.370129232592074,0.0384931216028799,0.238234438385197,-0.663637791147085,0.88796832748689,"woody","non-climbing","non-aquatic","dimorphic_monomorphic","long","outcrossing","biotic","biotic","long","bisexual_unisexual","superior","nectar","actinomorphic","dull"
"Butomus_umbellatus",-0.496849386393052,0.191107240668097,1.55386915085864,1.07895586910371,-0.0883118808776391,0.477530417378364,-1.00591177725716,"herbaceous","non-climbing","aquatic","monomorphic","long","outcrossing","biotic","abiotic_autonomous_biotic","long_short","bisexual","superior","nectar","actinomorphic","bright"
"Buxus_balearica",0.667956798104982,-0.583033604709306,-0.370129232592074,0.0384931216028799,-0.0586258518537448,-0.663637791147085,0.0822029542342432,"woody","non-climbing","non-aquatic","monomorphic","long","outcrossing","abiotic_biotic","autonomous_biotic","short","unisexual","superior","nectar_none","actinomorphic","bright_dull"
"Byrsonima_crassifolia",1.09226100810823,0.291687878841025,-0.784439733353737,0.0384931216028799,0.410413406723782,-0.0651932809305539,-0.189548465166726,"woody","non-climbing","non-aquatic","monomorphic","long","selfing","biotic","biotic","long","bisexual","superior","other","zygomorphic","bright"
"Cabomba_caroliniana",0.96326274568481,-0.195963182020604,-0.127773125991498,0.0384931216028799,-2.55818949566563,0.568495834186485,-0.466437027970268,"herbaceous","non-climbing","aquatic","monomorphic","long","outcrossing","biotic","biotic","long","bisexual","superior","nectar_pollen","actinomorphic","bright"
"Calceolaria_purpurea",-0.663157071549464,-1.24473486284382,0.492281655665364,-0.246855490742913,0.380727377699889,-0.0162440561055187,-1.85067287398612,"herbaceous","non-climbing","non-aquatic","monomorphic","long","outcrossing","biotic","abiotic","long","bisexual","superior","other","zygomorphic","bright"
"Camellia_sinensis",0.562557543274467,2.48981187866039,0.0441812681695879,0.0384931216028799,0.410413406723782,0.650784063110062,1.61359985503373,"woody","non-climbing","non-aquatic","monomorphic","long","outcrossing","biotic","biotic","long","bisexual","superior","pollen","actinomorphic","bright"
"Canacomyrica_monticola",0.75707059831113,-0.195963182020604,-0.784439733353737,-1.61060131658324,-0.00890175323872221,-1.0927462663344,0.854365674987886,"woody","non-climbing","non-aquatic","dimorphic","long","outcrossing","abiotic","biotic","long","unisexual","inferior","none","actinomorphic","dull"
"Canna_indica",0.161852340864124,-2.56813737911285,0.620043060586441,0.0384931216028799,0.410413406723782,1.32435184057232,0.96957854977374,"herbaceous","non-climbing","non-aquatic","monomorphic","long","selfing","biotic","autonomous","short","bisexual","inferior","nectar","other","bright"
"Cannabis_sativa",-0.133453606715704,-0.370013379293491,-1.1987502341154,-0.570138569082411,0.410413406723782,-0.821049287316386,0.344060131446707,"herbaceous","non-climbing","non-aquatic","dimorphic_monomorphic","short","outcrossing","abiotic","autonomous_biotic","long_short","unisexual","superior","none","actinomorphic","bright_dull"
"Capparis_zeylanica",0.356365395900786,1.55347978508006,0.828800637065909,0.470324178418419,0.208548409361302,1.67441943781143,0.43029524686214,"woody","non-climbing","non-aquatic","monomorphic","long","outcrossing","biotic","biotic","long","bisexual","superior","pollen","actinomorphic","bright"
"Cardiocrinum_cordatum",-0.194362037041601,-0.195963182020604,2.64924653278602,0.0384931216028799,0.300575099335375,2.11545245185866,-0.134444969943238,"herbaceous","non-climbing","non-aquatic","monomorphic","long","mixed","biotic","abiotic","long","bisexual","inferior","nectar","zygomorphic","bright_dull"
"Carex_laxiflora",-0.829464756705876,-1.24473486284382,-0.784439733353737,0.0384931216028799,0.0237528786875614,-1.19964260008316,-0.526130716565022,"herbaceous","non-climbing","non-aquatic","monomorphic","long","selfing","abiotic","abiotic","long","unisexual","superior","none","actinomorphic","dull"
"Carica_papaya",0.667956798104982,0.291687878841025,0.106955996590802,0.805278368522632,0.410413406723782,0.974284243333207,0.406800970714951,"woody","non-climbing","non-aquatic","dimorphic","long","mixed","autonomous_biotic","biotic","long","unisexual","superior","nectar_none_pollen","actinomorphic","bright"
"Caryocar_brasiliense",0.96326274568481,3.5385835594836,0.867208330445277,0.269884151329963,0.29909079788418,1.32435184057232,0.513326420028791,"woody","non-climbing","non-aquatic","monomorphic","long","outcrossing","biotic","biotic","long","bisexual","intermediate","nectar","actinomorphic","bright"
"Catalpa_speciosa",1.59836546534908,-1.24473486284382,0.556336554046034,-0.570138569082411,0.410413406723782,1.24922857332659,0.353204082382634,"woody","non-climbing","non-aquatic","monomorphic","long","outcrossing","biotic","abiotic","long","bisexual","superior","nectar","zygomorphic","bright"
"Catharanthus_roseus",-0.4450450089199,-0.370013379293491,0.740189175869926,-0.570138569082411,0.32729252545688,1.07405418614167,-0.400195764493,"woody","non-climbing","non-aquatic","monomorphic","long","mixed","biotic","autonomous_biotic","short","bisexual","superior","nectar","actinomorphic","bright"
"Caulophyllum_thalictroides",-0.713457949063626,-0.195963182020604,-0.299727520152584,-1.61060131658324,-1.06646653721495,-0.313570193907975,1.04178359284857,"herbaceous","non-climbing","non-aquatic","monomorphic","long","mixed","biotic","biotic","long","bisexual","superior","nectar_pollen","actinomorphic","bright"
"Centroplacus_glaucinus",1.36396794809515,-0.370013379293491,-0.370129232592074,0.0384931216028799,0.410413406723782,-1.61214989860273,0.720992483788965,"woody","non-climbing","non-aquatic","dimorphic","long","outcrossing","biotic","biotic","long","unisexual","superior","nectar","actinomorphic","bright"
"Ceratophyllum_demersum",0.267251595694639,-1.90643612097834,-0.784439733353737,-1.61060131658324,-0.902203843282736,-2.01793830774945,0.0777430152726983,"herbaceous","non-climbing","aquatic","monomorphic","long","mixed","abiotic","biotic","long","unisexual","superior","none_pollen","actinomorphic","dull"
"Cercidiphyllum_japonicum",1.59836546534908,0.291687878841025,1.02093981977457,-1.61060131658324,-2.55818949566563,-0.313570193907975,-0.67946049714662,"woody","non-climbing","non-aquatic","dimorphic","long","outcrossing","abiotic","abiotic","long","unisexual","superior","none","actinomorphic","dull"
"Chimaphila_umbellata",-1.11416315147397,0.291687878841025,0.881490710932405,0.805278368522632,0.410413406723782,0.0678962427320051,-2.3210589176882,"woody","non-climbing","non-aquatic","monomorphic","long","outcrossing","biotic","autonomous","short","bisexual","superior","nectar_pollen","actinomorphic","bright"
"Chimonanthus_praecox",0.834264483261393,-0.0488058370226956,-0.370129232592074,1.687587559789,-2.55818949566563,0.650784063110062,0.86799958990149,"woody","non-climbing","non-aquatic","monomorphic","long","mixed","biotic","autonomous","short","bisexual","superior","nectar_pollen","actinomorphic","bright"
"Chloranthus_spicatus",-0.663157071549464,-1.09757751784591,-0.784439733353737,-1.61060131658324,-0.0682738112865103,-0.821049287316386,-0.276961138757916,"woody","non-climbing","non-aquatic","monomorphic","long","outcrossing","biotic","biotic","long","bisexual","superior","other","actinomorphic","dull"
"Chorispora_tenella",-1.05430676039816,-0.195963182020604,0.857669215706189,-0.570138569082411,0.410413406723782,1.58876710193746,-0.451445676251136,"herbaceous","non-climbing","non-aquatic","monomorphic","short","selfing","biotic","abiotic","long","bisexual","superior","nectar","actinomorphic","bright"
"Cinnamomum_camphora",1.43205778019267,0.191107240668097,-0.784439733353737,-1.61060131658324,0.083867087460947,-1.26208230136362,0.864350226447799,"woody","non-climbing","non-aquatic","monomorphic","long","outcrossing","biotic","biotic","long","bisexual","superior","nectar","actinomorphic","bright_dull"
"Cirsium_pitcheri",-0.713457949063626,-0.370013379293491,-1.1987502341154,-0.570138569082411,0.27385767321387,0.568495834186485,-0.450147281323709,"herbaceous","non-climbing","non-aquatic","monomorphic","long_short","mixed","biotic","abiotic","long","bisexual","inferior","nectar","zygomorphic","bright"
"Clarkia_xantiana",-0.829464756705876,0.0786676534252094,2.93017884334565,0.470324178418419,0.410413406723782,0.858996854018345,-0.960858577094712,"herbaceous","non-climbing","non-aquatic","monomorphic","short","mixed","biotic","autonomous","short","bisexual","inferior","nectar","zygomorphic","bright"
"Claytonia_virginica",-1.23016995911622,-0.370013379293491,-0.370129232592074,0.0384931216028799,0.410413406723782,-0.362919220975458,-0.446614702101765,"herbaceous","non-climbing","non-aquatic","monomorphic","long","mixed","biotic","autonomous_biotic","short","bisexual","superior","nectar","actinomorphic","bright"
"Cleistesiopsis_bifaria",-1.03565690407956,-1.24473486284382,1.22446692995993,0.0384931216028799,0.362915760285553,1.51700794164213,-1.67657691722397,"herbaceous","non-climbing","non-aquatic","monomorphic","long","outcrossing","biotic","abiotic","long","bisexual","inferior","pollen","zygomorphic","bright_dull"
"Cleomella_arborea",-0.238852861546219,-0.195963182020604,0.561210741178656,-1.61060131658324,0.000746206194043555,0.138898390329008,-0.274884992551699,"woody","non-climbing","non-aquatic","monomorphic","long_short","outcrossing","biotic","abiotic","long","bisexual","superior","nectar","zygomorphic","bright"
"Clethra_alnifolia",0.0328540784407074,0.291687878841025,1.42049096065661,0.0384931216028799,0.410413406723782,-0.738761058392809,-1.05919840305325,"woody","non-climbing","non-aquatic","monomorphic","long","outcrossing","biotic","abiotic","long","bisexual","superior","nectar","actinomorphic","bright"
"Clutia_pulchella",-0.468644016512802,-0.370013379293491,-0.784439733353737,0.0384931216028799,0.410413406723782,0.974284243333207,-0.175952186653341,"woody","non-climbing","non-aquatic","dimorphic","long","outcrossing","biotic","autonomous_biotic","short","unisexual","superior","nectar","actinomorphic","bright"
"Cobaea_scandens",1.49296621051857,-0.370013379293491,1.16300180006931,0.0384931216028799,0.410413406723782,1.28760702169376,0.74641252953983,"woody","climbing","non-aquatic","monomorphic","long","outcrossing","biotic","abiotic","long","bisexual","superior","nectar","actinomorphic","bright"
"Cochlospermum_vitifolium",1.06866200051532,3.024039646347,2.07715756801884,0.805278368522632,0.410413406723782,1.84767308354312,0.468535093133993,"woody","non-climbing","non-aquatic","monomorphic","long","outcrossing","biotic","abiotic","long","bisexual","superior","pollen","actinomorphic","bright"
"Coffea_arabica",0.562557543274467,-0.370013379293491,-0.784439733353737,-0.570138569082411,-0.220414710033968,0.725907330355786,1.02620540943136,"woody","non-climbing","non-aquatic","monomorphic","long","mixed","biotic","biotic","long","bisexual","inferior","nectar_pollen","actinomorphic","bright"
"Combretum_leprosum",1.06866200051532,0.0786676534252094,0.0441812681695879,-0.570138569082411,0.410413406723783,-0.266890018817715,0.669865173729469,"woody","climbing_non-climbing","non-aquatic","monomorphic","long","outcrossing","biotic","abiotic","long","bisexual","inferior","nectar_other","actinomorphic","bright"
"Commelina_communis",-0.367851123969636,-0.85766444015512,-0.370129232592074,-0.570138569082411,0.359947157383163,-0.0299486760300464,-0.215902707870515,"herbaceous","non-climbing","non-aquatic","monomorphic","short","selfing","biotic","autonomous","short","bisexual_unisexual","superior","pollen","zygomorphic","bright"
"Cordyline_australis",1.06866200051532,-0.195963182020604,-0.285341586948635,0.0384931216028799,0.410413406723782,-0.738761058392809,-0.106214940278066,"woody","non-climbing","non-aquatic","monomorphic","long","outcrossing","biotic","biotic","long","bisexual","superior","nectar","actinomorphic","bright"
"Coriaria_myrtifolia",0.267251595694639,0.291687878841025,-0.784439733353737,0.805278368522632,0.0593761135162343,-0.530548267484526,0.165300599582337,"woody","non-climbing","non-aquatic","monomorphic","long","outcrossing","abiotic","biotic","long","bisexual_unisexual","superior","none","actinomorphic","dull"
"Coriaria_ruscifolia",0.0328540784407074,0.291687878841025,-0.784439733353737,1.41391005920792,-0.664220843941185,-1.41949379753292,-0.690286448930658,"woody","non-climbing","non-aquatic","monomorphic","long","outcrossing","abiotic","abiotic","long","bisexual","superior","none","actinomorphic","bright_dull"
"Cornus_florida",1.36396794809515,-0.583033604709306,-0.47443662246879,0.0911370407900888,0.351041348675995,0.127462820139255,0.846623194848055,"woody","non-climbing","non-aquatic","monomorphic","long","outcrossing","biotic","biotic","long","bisexual","inferior","nectar_other","actinomorphic","bright_dull"
"Corokia_cotoneaster",0.267251595694639,-0.370013379293491,-0.784439733353737,-0.570138569082411,0.410413406723783,-0.594531084327043,0.451188918810935,"woody","non-climbing","non-aquatic","monomorphic","long","outcrossing","biotic","biotic","long","bisexual","inferior","nectar_other","actinomorphic","bright"
"Corrigiola_litoralis",-1.46456747637015,-0.370013379293491,0.385337421332485,0.0384931216028799,-1.07388804447092,-1.61214989860273,-0.738109975822456,"herbaceous","non-climbing","non-aquatic","monomorphic","short","selfing","biotic","abiotic_autonomous","long_short","bisexual","intermediate","nectar","actinomorphic","bright"
"Costus_woodsonii",1.06866200051532,-1.90643612097834,0.528893481370741,0.0384931216028799,0.0705083744001945,0.725907330355786,0.195075368534656,"herbaceous","non-climbing","non-aquatic","monomorphic","long","mixed","biotic","biotic","long","bisexual","inferior","nectar_pollen","zygomorphic","bright"
"Cucurbita_pepo",-0.663157071549464,-1.03171463742801,0.155948245481115,0.0384931216028799,0.410413406723782,-0.222604777099855,0.949299796491351,"herbaceous","climbing","non-aquatic","monomorphic","short","mixed","biotic","abiotic","long","unisexual","inferior","nectar","actinomorphic","bright"
"Cupaniopsis_anacardioides",0.43355928085105,0.0786676534252094,-0.784439733353737,0.0384931216028799,0.410413406723782,-0.415260878169663,1.01076609331803,"woody","non-climbing","non-aquatic","monomorphic","long","outcrossing","biotic","biotic","long","unisexual","superior","nectar_pollen","other","bright_dull"
"Curculigo_latifolia",-0.663157071549464,-0.195963182020604,-0.347499170646237,-0.109189612535003,0.22339142387325,0.00391342588948757,0.841208269891673,"herbaceous_woody","non-climbing","non-aquatic","monomorphic","long","outcrossing","biotic","biotic","long","bisexual_unisexual","inferior","nectar_other","actinomorphic","bright"
"Cuscuta_cuspidata",-0.768556326379979,-0.370013379293491,-0.370129232592074,-0.570138569082411,0.410413406723782,-1.72743728791759,-0.24318116193828,"herbaceous","climbing","non-aquatic","monomorphic","short","mixed","abiotic","abiotic","long","bisexual","superior","none","actinomorphic","bright"
"Cuttsia_viburnea",1.19766026293874,-0.370013379293491,2.93077626838773,0.805278368522632,-0.42450615957324,-0.222604777099855,-1.52958444675533,"woody","non-climbing","non-aquatic","monomorphic","long","outcrossing","biotic","abiotic_autonomous","long_short","bisexual","superior","nectar","actinomorphic","bright"
"Cyclanthus_bipartitus",0.0328540784407074,-0.195963182020604,-0.278317665490451,-0.199179497355486,0.351041348675995,-0.21514343357961,0.307466419182892,"woody","non-climbing","non-aquatic","monomorphic","long","outcrossing","biotic","biotic","long","unisexual","superior","pollen","actinomorphic","bright"
"Cymodocea_nodosa",-0.663157071549464,-1.24473486284382,-0.784439733353737,-0.570138569082411,-2.55818949566563,-0.864325259622319,-0.368056127858215,"herbaceous","non-climbing","aquatic","dimorphic","long","outcrossing","abiotic","autonomous_biotic","long_short","unisexual","superior","none","actinomorphic","dull"
"Cypripedium_calceolus",-0.829464756705876,-1.24473486284382,1.40190393755485,0.0384931216028799,0.410413406723782,1.5453177869531,-2.20255473272477,"herbaceous","non-climbing","non-aquatic","monomorphic","long","outcrossing","biotic","abiotic","long","bisexual","inferior","pollen","zygomorphic","bright_dull"
"Cyrilla_racemiflora",0.96326274568481,-0.370013379293491,-0.370129232592074,-0.570138569082411,0.410413406723782,-0.821049287316386,0.438853443096988,"woody","non-climbing","non-aquatic","monomorphic","long","outcrossing","biotic","abiotic","long","bisexual","superior","nectar","actinomorphic","bright"
"Dalechampia_spathulata",0.161852340864124,0.95338913697554,-0.0799339069364906,0.0384931216028799,0.267920467409091,-0.0662121959441376,0.42213728560828,"woody","non-climbing","non-aquatic","monomorphic","long","outcrossing","biotic","autonomous","short","unisexual","superior","other","zygomorphic","bright"
"Dalzellia_ceylanica",-3.03007886327853,-0.85766444015512,1.22872382111515,0.0384931216028799,0.410413406723782,-1.61214989860273,-1.14495934540968,"herbaceous","non-climbing","aquatic_non-aquatic","monomorphic","short","selfing","autonomous","abiotic","long","bisexual","superior","pollen","actinomorphic","bright_dull"
"Daphniphyllum_macropodum",1.36396794809515,0.191107240668097,-0.370129232592074,-0.570138569082411,0.410413406723782,-0.979044188812101,0.589331582253694,"woody","non-climbing","non-aquatic","dimorphic","long","outcrossing","abiotic","biotic","long","unisexual","superior","none","actinomorphic","dull"
"Datisca_glomerata",-0.133453606715704,0.0483592943810019,-0.137119935643711,-0.454236483948141,-0.0445249880673952,-0.594531084327043,-1.28194700432551,"herbaceous","non-climbing","non-aquatic","dimorphic","long","mixed","abiotic","abiotic","long","bisexual_unisexual","inferior","none","actinomorphic","dull"
"Davidsonia_jerseyana",0.96326274568481,0.191107240668097,0.286537374770164,-0.570138569082411,0.386664583504668,-0.821049287316386,1.05284273783414,"woody","non-climbing","non-aquatic","monomorphic","long","selfing","biotic","biotic","long","bisexual","superior","nectar","actinomorphic","bright"
"Davilla_kunthii",0.0225099232703881,2.14931816279667,-0.370129232592074,-1.61060131658324,-0.101670593938391,0.284874316308556,0.208575294822669,"herbaceous","climbing","non-aquatic","monomorphic","long","outcrossing","biotic","biotic","long","bisexual","inferior_superior","pollen","actinomorphic","bright"
"Denhamia_celastroides",0.75707059831113,-0.370013379293491,0.0441812681695879,0.0384931216028799,0.410413406723782,0.568495834186485,0.4448290964219,"woody","non-climbing","non-aquatic","monomorphic","long","outcrossing","biotic","biotic","long","bisexual","superior","other","actinomorphic","bright"
"Diapensia_lapponica",-2.62937366086818,-0.370013379293491,1.83480146141827,0.0384931216028799,0.410413406723782,-0.140316548176278,-1.1837104188495,"woody","non-climbing","non-aquatic","monomorphic","long","mixed","biotic","autonomous","short","bisexual","superior","nectar","actinomorphic","bright"
"Diospyros_australis",1.36396794809515,0.61289542111182,-0.370129232592074,0.470324178418419,0.29909079788418,-1.80480599967253,0.918248252674638,"woody","non-climbing","non-aquatic","dimorphic","long","outcrossing","biotic","biotic","long","unisexual","superior","nectar","actinomorphic","bright"
"Dipterocarpus_tempehes",1.83276298260302,1.34045955966424,0.439230685223299,0.649551659901909,-0.0289398228298507,1.2333864237642,1.50411718420907,"woody","non-climbing","non-aquatic","monomorphic","long","outcrossing","biotic","biotic","long","bisexual","superior","nectar","actinomorphic","bright"
"Discaria_americana",-0.367851123969636,-0.470594017466418,-0.784439733353737,0.269884151329963,0.208548409361303,-0.663637791147085,-0.147527942440044,"woody","non-climbing","non-aquatic","monomorphic","long","outcrossing","biotic","autonomous","short","bisexual","intermediate","nectar_other_pollen","actinomorphic","bright"
"Drosophyllum_lusitanicum",-0.428759554295533,0.291687878841025,1.03818304546298,0.805278368522632,0.410413406723782,0.634941913547665,-0.120773856637053,"woody","non-climbing","non-aquatic","monomorphic","long","mixed","biotic","autonomous","short","bisexual","superior","nectar","actinomorphic","bright"
"Dryas_octopetala",-0.768556326379979,2.96206529726757,-0.784439733353737,1.7821414731875,-2.55818949566563,0.725907330355786,-0.604831013645315,"woody","non-climbing","non-aquatic","monomorphic","long","mixed","biotic","abiotic","long","bisexual","superior","nectar_pollen","actinomorphic","bright"
"Durio_zibethinus",1.49296621051857,2.00216081779876,0.286537374770164,0.805278368522632,0.410413406723782,1.24922857332659,2.36046729615338,"woody","non-climbing","non-aquatic","monomorphic","long","outcrossing","biotic","biotic","long","bisexual","superior","nectar","actinomorphic","bright"
"Eriocaulon_parkeri",-1.46456747637015,-0.583033604709306,-0.228405439535533,-0.570138569082411,0.143239145508735,-1.61214989860273,-0.401613360665613,"herbaceous","non-climbing","non-aquatic","monomorphic","long_short","selfing","biotic","abiotic","long","unisexual","superior","nectar","actinomorphic","bright"
"Eriogonum_arborescens",0.0328540784407074,0.191107240668097,-0.784439733353737,0.0384931216028799,0.380727377699889,-1.33720556860934,-0.639770149863919,"woody","non-climbing","non-aquatic","monomorphic","long","mixed","biotic","abiotic","long","bisexual","superior","nectar","actinomorphic","bright"
"Eryngium_alpinum",-0.829464756705876,-0.370013379293491,-0.533803052263187,-0.570138569082411,0.395570392211836,-1.61214989860273,-0.0331795211402845,"herbaceous","non-climbing","non-aquatic","monomorphic","long","outcrossing","biotic","biotic","long","bisexual","inferior","nectar","actinomorphic","bright"
"Erythroxylum_laurifolium",0.50164911294857,0.291687878841025,-0.652035589214723,0.195844210264694,0.351041348675995,-0.180207869014296,1.06207311593722,"woody","non-climbing","non-aquatic","monomorphic","long","outcrossing","biotic","biotic","long","bisexual","superior","nectar_other","actinomorphic","bright"
"Eschscholzia_californica",-1.01758995217977,0.929219918855257,0.344106078290781,-0.570138569082411,0.410413406723782,0.974284243333207,-0.386228117083801,"herbaceous","non-climbing","non-aquatic","monomorphic","long_short","outcrossing","biotic","autonomous","short","bisexual","superior","pollen","other","bright"
"Eucalyptus_cladocalyx",1.68747926555523,3.11254310865197,0.909039043249378,0.269884151329963,0.0779298816561681,0.127462820139255,-0.0474975161685451,"woody","non-climbing","non-aquatic","monomorphic","long","mixed","biotic","abiotic","long","bisexual","inferior","nectar","actinomorphic","bright"
"Eupomatia_bennettii",-0.133453606715704,0.136541925520579,0.381773328573034,-0.0362477015578053,0.410413406723782,0.858996854018345,0.0799955339874453,"woody","non-climbing","non-aquatic","monomorphic","long","outcrossing","biotic","biotic","long","bisexual","inferior","nectar","actinomorphic","bright"
"Eupomatia_laurina",0.75707059831113,2.00216081779876,-0.127773125991498,3.96373196202027,0.410413406723782,0.624216646094099,0.300630568644422,"woody","non-climbing","non-aquatic","monomorphic","long","outcrossing","biotic","biotic","long","bisexual","superior","other","actinomorphic","bright"
"Fagus_grandifolia",1.49296621051857,0.382674133504286,-0.370129232592074,0.0384931216028799,-0.264053172699092,-0.781136498724549,1.1268551719053,"woody","non-climbing","non-aquatic","monomorphic","long","outcrossing","abiotic","biotic","long","unisexual","inferior","none_pollen","actinomorphic","dull"
"Filipendula_vulgaris",-0.526501804358964,1.16640936239136,-0.370129232592074,1.687587559789,-2.55818949566563,-0.0651932809305539,-0.507669686387111,"herbaceous","non-climbing","non-aquatic","monomorphic","long","outcrossing","abiotic_biotic","biotic","long","bisexual","superior","none_pollen","actinomorphic","bright"
"Floerkea_proserpinacoides",-1.375453676164,-0.195963182020604,-0.784439733353737,-0.235184378978198,0.303543702237764,0.650784063110062,-0.127127743435065,"herbaceous","non-climbing","non-aquatic","monomorphic","short","selfing","autonomous","autonomous","short","bisexual","superior","nectar","actinomorphic","bright_dull"
"Fumana_ericoides",-1.06386227395981,1.30809601549114,0.606629319012905,-0.570138569082411,-0.496494779956183,0.260552343801814,-0.244030459834394,"woody","non-climbing","non-aquatic","monomorphic","long","selfing","biotic","autonomous","short","bisexual","inferior","nectar_pollen","actinomorphic","bright"
"Galium_aparine",-0.406704193570098,-0.583033604709306,-0.784439733353737,-0.570138569082411,0.410413406723782,0.260552343801814,0.139063765872768,"herbaceous","non-climbing","non-aquatic","monomorphic","short","selfing","biotic","biotic","long","bisexual","inferior","nectar","actinomorphic","bright"
"Gelsemium_sempervirens",0.532905125308555,-0.370013379293491,0.0441812681695879,-0.570138569082411,0.410413406723782,0.650784063110062,0.291260523356183,"herbaceous","climbing","non-aquatic","monomorphic","long","outcrossing","biotic","abiotic","long","bisexual","superior","other","actinomorphic","bright"
"Gentiana_saponaria",-0.792155333972881,-0.370013379293491,0.406541943780254,-0.570138569082411,0.410413406723782,0.918563431425594,-0.464357744966987,"herbaceous","non-climbing","non-aquatic","monomorphic","long","mixed","biotic","abiotic","long","bisexual","superior","nectar","actinomorphic","bright"
"Geranium_sanguineum",-1.06386227395981,0.291687878841025,-0.370129232592074,0.805278368522632,0.410413406723782,0.754217175666762,0.133192127468128,"herbaceous","non-climbing","non-aquatic","monomorphic","long","mixed","biotic","autonomous","short","bisexual","superior","nectar","actinomorphic","bright"
"Gerbera_jamesonii",-0.934864011536391,-0.370013379293491,-0.784439733353737,-0.570138569082411,0.395570392211836,0.995603176544007,-0.293508988998958,"herbaceous","non-climbing","non-aquatic","monomorphic","long","outcrossing","biotic","abiotic","long","bisexual","inferior","nectar","zygomorphic","bright"
"Gesneria_cuneifolia",-1.46456747637015,-0.362227287871607,1.0160146921644,-0.570138569082411,0.32432392255449,0.568495834186485,-1.64808863171875,"woody","non-climbing","non-aquatic","monomorphic","long","mixed","biotic","biotic","short","bisexual","superior","nectar","zygomorphic","bright"
"Gomortega_keule",1.36396794809515,0.0786676534252094,-0.784439733353737,-0.570138569082411,0.410413406723782,-0.663637791147085,1.19632710282877,"woody","non-climbing","non-aquatic","monomorphic","long","mixed","biotic","biotic","long","bisexual","inferior","nectar_other","actinomorphic","bright_dull"
"Gonocaryum_litorale",1.28677406314489,-0.370013379293491,-0.370129232592074,-0.570138569082411,0.410413406723782,-0.738761058392809,1.09939877557999,"woody","non-climbing","non-aquatic","dimorphic","long","outcrossing","abiotic","biotic","long","unisexual","superior","none","actinomorphic","bright_dull"
"Gossypium_hirsutum",-0.133453606715704,2.27679165324457,0.591869959133281,0.269884151329963,0.410413406723782,1.45744136423488,0.821471560667731,"woody","non-climbing","non-aquatic","monomorphic","long_short","mixed","biotic","abiotic","long","bisexual","superior","nectar","actinomorphic","bright"
"Grewia_occidentalis",0.267251595694639,2.23408528716701,-0.784439733353737,0.470324178418419,0.410413406723782,0.725907330355786,0.712185403659099,"woody","non-climbing","non-aquatic","monomorphic","long","outcrossing","biotic","biotic","long","bisexual","superior","nectar","actinomorphic","bright"
"Griselinia_racemosa",0.0328540784407074,-0.370013379293491,-0.648287671578991,0.0384931216028799,0.410413406723782,-1.15264504450609,0.226595049085243,"woody","non-climbing","non-aquatic","dimorphic","long","outcrossing","abiotic","biotic","long","unisexual","inferior","none","actinomorphic","dull"
"Gyrocarpus_americanus",1.49296621051857,-0.583033604709306,-0.784439733353737,-1.61060131658324,-0.00964390396431952,-1.86052681158015,1.21599707522886,"woody","non-climbing","non-aquatic","monomorphic","long","outcrossing","abiotic","abiotic","long","bisexual_unisexual","inferior","none","actinomorphic","bright_dull"
"Hamamelis_virginiana",0.562557543274467,-0.583033604709306,-0.784439733353737,-0.570138569082411,0.410413406723782,0.375839733116676,0.864566160910286,"woody","non-climbing","non-aquatic","monomorphic","long","outcrossing","biotic","autonomous","short","bisexual","intermediate","nectar_pollen","actinomorphic","bright"
"Hanguana_malayana",0.267251595694639,-0.195963182020604,-0.784439733353737,0.0384931216028799,0.410413406723782,-0.740027481518111,0.323323260443513,"herbaceous","non-climbing","non-aquatic","dimorphic","long","outcrossing","biotic","biotic","long","unisexual","superior","nectar_pollen","actinomorphic","bright_dull"
"Haumania_danckelmaniana",0.667956798104982,-1.90643612097834,-0.277276880225485,0.0384931216028799,0.380727377699889,-0.0299486760300464,0.668796947380754,"woody","climbing","non-aquatic","monomorphic","long","outcrossing","biotic","biotic","long","bisexual","inferior","nectar_other","zygomorphic","bright"
"Hedychium_gardnerianum",0.138253333271222,-1.90643612097834,0.747159363419126,0.0384931216028799,0.386664583504668,1.57272875354974,-0.386458460605398,"herbaceous","non-climbing","non-aquatic","monomorphic","long","selfing","biotic","biotic","long","bisexual","inferior","nectar","zygomorphic","bright"
"Helianthus_annuus",0.0328540784407074,-0.370013379293491,-0.784439733353737,-0.570138569082411,0.410413406723782,0.458127962040253,0.564579555596861,"herbaceous","non-climbing","non-aquatic","monomorphic","short","mixed","biotic","autonomous","short","bisexual","inferior","nectar_pollen","actinomorphic_zygomorphic","bright"
"Heliconia_irrasa",-0.133453606715704,-0.370013379293491,-0.784439733353737,0.0384931216028799,0.336198334164048,1.28760702169376,0.210748590511737,"herbaceous","non-climbing","non-aquatic","monomorphic","long","mixed","biotic","biotic","long","bisexual","inferior","nectar","zygomorphic","bright"
"Herniaria_glabra",-1.29825979121374,-0.370013379293491,0.879373681152897,-0.145681317932404,-0.44677068134116,-1.86052681158015,-1.1498465408487,"herbaceous","non-climbing","non-aquatic","monomorphic","long_short","selfing","biotic","abiotic_autonomous","long_short","bisexual","superior","nectar","actinomorphic","dull"
"Hevea_brasiliensis",1.36396794809515,0.291687878841025,-0.784439733353737,0.0384931216028799,0.410413406723782,-0.816743179002785,1.90508160900783,"woody","non-climbing","non-aquatic","monomorphic","long","mixed","biotic","biotic","long","unisexual","intermediate","nectar","actinomorphic","bright_dull"
"Hirtella_physophora",0.724275876808753,-0.195963182020604,-0.11039982858906,-0.0335110418455081,0.202611203556524,0.375839733116676,0.622576478722652,"woody","non-climbing","non-aquatic","monomorphic","long","outcrossing","biotic","biotic","long","bisexual","inferior","nectar_pollen","zygomorphic","bright"
"Hordeum_bulbosum",-0.397503541935547,-0.85766444015512,-0.784439733353737,-0.570138569082411,0.163277215099864,0.260552343801814,0.205505955424169,"herbaceous","non-climbing","non-aquatic","monomorphic","long","outcrossing","abiotic","biotic","long","bisexual","superior","none","zygomorphic","dull"
"Hydnocarpus_heterophyllus",1.36396794809515,1.20385075430107,-0.315542071578192,0.470324178418419,0.410413406723782,0.183183632046868,1.19349758821635,"woody","non-climbing","non-aquatic","dimorphic","long","outcrossing","biotic","biotic","long","unisexual","superior","nectar","actinomorphic","bright"
"Hydrastis_canadensis",-1.01758995217977,1.89715031959483,-0.370129232592074,1.95429952375936,-2.55818949566563,0.00391342588948757,-0.0701290200059134,"herbaceous","non-climbing","non-aquatic","monomorphic","long","mixed","biotic","biotic","long","bisexual","superior","nectar_pollen","actinomorphic","bright"
"Hydrocotyle_vulgaris",-1.56996673120067,-0.370013379293491,0.0864019348421285,-0.570138569082411,0.410413406723782,-1.86052681158015,-0.707316544314594,"herbaceous","non-climbing","non-aquatic","monomorphic","long","selfing","autonomous_biotic","abiotic","long","bisexual","inferior","nectar","actinomorphic","bright"
"Hydrophyllum_capitatum",-1.11416315147397,-0.370013379293491,-0.27554801443442,-0.218971152427914,0.143239145508735,-0.530548267484526,0.0445738390283209,"herbaceous","non-climbing","non-aquatic","monomorphic","long","outcrossing","biotic","biotic","long","bisexual","superior","nectar_pollen","actinomorphic","bright"
"Hypericum_perforatum",-0.663157071549464,1.82811062052587,1.24853656649552,0.0384931216028799,0.410413406723782,0.320118921209063,-1.05919840305325,"herbaceous","non-climbing","non-aquatic","monomorphic","long","selfing","biotic","abiotic","long","bisexual","superior","pollen","actinomorphic","bright"
"Ilex_opaca",1.09226100810823,-0.583033604709306,-0.686466690495139,0.470324178418419,0.410413406723782,-0.470981690077276,0.326741630191538,"woody","non-climbing","non-aquatic","dimorphic","long","outcrossing","biotic","biotic","long","unisexual","superior","nectar_pollen","actinomorphic","bright_dull"
"Impatiens_capensis",-0.339645754089385,-0.370013379293491,-0.784439733353737,0.805278368522632,0.410413406723782,0.808195559279363,0.0652434652347144,"herbaceous","non-climbing","non-aquatic","monomorphic","short","mixed","biotic","autonomous","short","bisexual","superior","nectar","zygomorphic","bright"
"Ipomoea_alba",0.96326274568481,-0.370013379293491,0.177559458371619,-0.570138569082411,0.125427528094399,1.67441943781143,0.841149810589211,"herbaceous","climbing","non-aquatic","monomorphic","long_short","selfing","biotic","biotic","long","bisexual","superior","nectar","actinomorphic","bright"
"Iris_versicolor",-0.595067239451945,-0.85766444015512,1.42791619533356,0.0384931216028799,0.362915760285553,1.94059848513654,0.287131599032112,"herbaceous","non-climbing","non-aquatic","monomorphic","long","mixed","autonomous_biotic","abiotic","long","bisexual","inferior","nectar","actinomorphic","bright"
"Irvingbaileya_australis",0.894313152929271,-0.370013379293491,-0.784439733353737,-0.570138569082411,0.410413406723782,-0.992386455175395,1.07164855932702,"woody","non-climbing","non-aquatic","dimorphic","long","outcrossing","biotic","biotic","long","unisexual","superior","none","actinomorphic","bright"
"Juglans_mandshurica",1.19766026293874,1.20385075430107,-0.784439733353737,-0.570138569082411,-0.0638209069329264,-0.587458320990704,2.16464746394389,"woody","non-climbing","non-aquatic","monomorphic","long","outcrossing","abiotic","biotic","long","unisexual","inferior","none","actinomorphic","dull"
"Jumellea_fragrans",-1.06386227395981,-1.24473486284382,0.961352060706558,0.0384931216028799,0.410413406723783,0.974284243333207,-0.89831765384686,"herbaceous","non-climbing","non-aquatic","monomorphic","long","mixed","biotic","abiotic","long","bisexual","inferior","nectar","zygomorphic","bright"
"Juncus_effusus",-0.440111021002713,-0.85766444015512,0.0243226354206836,0.0384931216028799,0.0445330990042873,-0.844962297603039,-1.64808863171875,"herbaceous","non-climbing","non-aquatic","monomorphic","short","mixed","abiotic","biotic","long","bisexual","superior","none","actinomorphic","dull"
"Kalanchoe_daigremontiana",-0.133453606715704,0.0786676534252094,2.12500099179466,0.470324178418419,-1.96446891518775,0.725907330355786,-1.64808863171875,"herbaceous","non-climbing","non-aquatic","monomorphic","long_short","selfing","biotic","abiotic","long","bisexual","intermediate_superior","nectar","actinomorphic","bright"
"Kalmia_latifolia",0.562557543274467,0.291687878841025,1.13955519453857,0.153672623338504,0.410413406723782,0.666340752948536,-1.64808863171875,"woody","non-climbing","non-aquatic","monomorphic","long","outcrossing","biotic","abiotic","long","bisexual","superior","nectar","actinomorphic","bright"
"Kielmeyera_regalis",0.70959700554271,1.6912395631932,0.953954261280468,0.348632293406439,0.261983261604312,1.67441943781143,0.285069847569041,"woody","non-climbing","non-aquatic","monomorphic","long","outcrossing","biotic","abiotic","long","bisexual","superior","pollen","actinomorphic","bright"
"Kirengeshoma_palmata",-0.339645754089385,0.678758301529726,0.68421467636892,0.118520281294451,0.214485615166082,0.932268051350122,-0.342849805640746,"herbaceous","non-climbing","non-aquatic","monomorphic","long","outcrossing","biotic","abiotic","long","bisexual","superior","nectar","actinomorphic","bright"
"Kirkia_wilmsii",1.06866200051532,-0.470594017466418,-0.2929465440478,0.64712481228817,0.410413406723782,-0.222604777099855,0.266368972943201,"woody","non-climbing","non-aquatic","dimorphic","long","outcrossing","biotic","abiotic","long","unisexual","superior","other","actinomorphic","bright"
"Lactoris_fernandeziana",-0.133453606715704,-0.195963182020604,0.286537374770164,0.0384931216028799,-2.55818949566563,-1.01370538838619,-0.305911505675096,"woody","non-climbing","non-aquatic","monomorphic","long","mixed","abiotic","abiotic_autonomous","long_short","bisexual_unisexual","superior","none","actinomorphic","dull"
"Lantana_camara",-0.339645754089385,-0.583033604709306,-0.404016553880833,-1.00196962589795,0.410413406723783,-0.594531084327043,0.199790324208011,"woody","non-climbing","non-aquatic","monomorphic","long","selfing","biotic","biotic","long","bisexual","superior","other","zygomorphic","bright"
"Lapageria_rosea",0.834264483261393,-0.195963182020604,2.13412672180017,0.0384931216028799,0.410413406723782,1.51700794164213,0.469746761166901,"woody","climbing","non-aquatic","monomorphic","long","outcrossing","biotic","biotic","long","bisexual","inferior_superior","nectar","actinomorphic","bright"
"Larrea_tridentata",-0.0961441839827093,0.291687878841025,-0.140038086910388,0.805278368522632,-0.20557169552202,0.568495834186485,0.0396238514265544,"woody","non-climbing","non-aquatic","monomorphic","long","mixed","biotic","biotic","long","bisexual","superior","nectar_pollen","actinomorphic","bright"
"Lemna_minor",-1.99427094120391,-1.24473486284382,-0.784439733353737,-1.61060131658324,-0.554382536552776,-2.40325050988907,-0.45180660659023,"herbaceous","non-climbing","aquatic","monomorphic","short","selfing","biotic","abiotic","long","bisexual","superior","none","actinomorphic","dull"
"Lepidobotrys_staudtii",0.834264483261393,0.291687878841025,-0.370129232592074,0.0384931216028799,0.291669290628207,-0.621513684292647,0.34570394877983,"woody","non-climbing","non-aquatic","dimorphic","long","outcrossing","biotic","autonomous","short","unisexual","superior","other","actinomorphic","bright"
"Limnanthes_douglasii",-0.751468518527054,0.291687878841025,-0.137275874460397,0.805278368522632,-0.302051289849676,0.666340752948536,0.0689614030538051,"herbaceous","non-climbing","non-aquatic","dimorphic","short","outcrossing","biotic","biotic","long","bisexual_unisexual","superior","nectar_pollen","actinomorphic","bright"
"Linum_perenne",-0.663157071549464,-0.370013379293491,-0.370129232592074,0.805278368522632,0.410413406723782,0.858996854018345,-0.406392476088686,"herbaceous","non-climbing","non-aquatic","monomorphic","long","outcrossing","biotic","abiotic","long","bisexual","superior","nectar","actinomorphic","bright"
"Liparis_loeselii",-1.54729341701353,-1.90643612097834,0.38494366496683,0.0384931216028799,0.157340009295085,-0.180480670245416,-2.52364315995557,"herbaceous","non-climbing","non-aquatic","monomorphic","long","selfing","abiotic_autonomous","abiotic","long","bisexual","inferior","none","zygomorphic","dull"
"Liriodendron_chinense",1.7646731505055,2.00216081779876,-0.370129232592074,5.51187606981194,-2.55818949566563,0.858996854018345,0.567383146624594,"woody","non-climbing","non-aquatic","monomorphic","long","mixed","biotic","abiotic_autonomous","long_short","bisexual","superior","nectar","actinomorphic","dull"
"Loasa_heterophylla",-0.558010476747478,-0.11955176196796,0.455706835371059,-0.000937911944787082,0.321355319652101,0.496506410407416,-0.494429794936549,"herbaceous","non-climbing","non-aquatic","monomorphic","long","outcrossing","biotic","abiotic","long","bisexual","inferior","nectar","actinomorphic","bright"
"Lobelia_angulata",-1.27005442133349,-0.370013379293491,0.512559519199222,-0.570138569082411,0.380727377699889,0.0364974033311341,-1.24292014718401,"herbaceous","non-climbing","non-aquatic","dimorphic","long","outcrossing","biotic","abiotic","long","bisexual_unisexual","inferior","nectar","zygomorphic","bright"
"Ludwigia_adscendens",-1.46456747637015,0.291687878841025,0.419915564972195,0.805278368522632,0.0298385146374595,0.725907330355786,-0.718093445232718,"herbaceous","non-climbing","aquatic","monomorphic","long","mixed","biotic","abiotic","long","bisexual","inferior","nectar","actinomorphic","bright"
"Lythrum_salicaria",-0.0961441839827093,0.465738076113911,0.619368885071512,-0.570138569082411,0.410413406723782,0.284874316308556,-1.28194700432551,"herbaceous","non-climbing","non-aquatic","monomorphic","long","outcrossing","biotic","abiotic","long","bisexual","superior","nectar_pollen","actinomorphic","bright"
"Malesherbia_linearifolia",-0.367851123969636,-0.370013379293491,1.04940823367059,0.0384931216028799,0.410413406723782,0.568495834186485,-0.430308713081859,"herbaceous","non-climbing","non-aquatic","monomorphic","long","mixed","biotic","abiotic","long","bisexual","superior","nectar","actinomorphic","bright"
"Malpighia_emarginata",0.75707059831113,0.291687878841025,-0.784439733353737,0.0384931216028799,0.410413406723782,0.477530417378364,0.413569971516034,"woody","non-climbing","non-aquatic","monomorphic","long","outcrossing","biotic","biotic","long","bisexual","superior","other","zygomorphic","bright"
"Manihot_esculenta",0.562557543274467,0.291687878841025,-0.784439733353737,0.0384931216028799,0.410413406723782,-1.61214989860273,0.879503543968628,"herbaceous","non-climbing","non-aquatic","monomorphic","long","outcrossing","biotic","biotic","short","unisexual","superior","nectar","actinomorphic","bright"
"Manilkara_zapota",1.7646731505055,-0.279027124630229,-0.784439733353737,1.64530108893501,0.410413406723782,0.284874316308556,0.910466133887909,"woody","non-climbing","non-aquatic","monomorphic","long","outcrossing","biotic","biotic","long","bisexual","superior","nectar","actinomorphic","bright"
"Mappia_nimmoniana",1.19766026293874,-0.85766444015512,-0.370129232592074,-1.61060131658324,-0.235257724545915,-0.415260878169663,0.874800709943528,"woody","non-climbing","non-aquatic","dimorphic","long","mixed","biotic","biotic","long","bisexual_unisexual","superior","nectar_pollen","actinomorphic","bright"
"Marathrum_rubrum",-1.46456747637015,0.0786676534252094,3.30750494855865,-0.570138569082411,0.410413406723782,-0.821049287316386,-1.03123561674736,"herbaceous","non-climbing","aquatic","monomorphic","short","selfing","abiotic","abiotic","long","bisexual","superior","none","actinomorphic","bright_dull"
"Mayaca_fluviatilis",-0.663157071549464,-0.85766444015512,-0.370129232592074,0.0384931216028799,0.410413406723782,-0.222604777099855,-0.357240726739418,"herbaceous","non-climbing","aquatic_non-aquatic","monomorphic","long","selfing","autonomous","abiotic","long","bisexual","superior","nectar","actinomorphic","bright"
"Mazus_pumilus",-1.69896499362408,-0.583033604709306,2.32939363022007,-0.570138569082411,0.410413406723782,-0.530548267484526,-1.85067287398612,"herbaceous","non-climbing","non-aquatic","monomorphic","short","selfing","biotic","abiotic","long","bisexual","superior","pollen","zygomorphic","bright"
"Medicago_sativa",-0.616884749769426,0.291687878841025,0.834226065733858,0.0662248563255749,0.0244950294131587,0.260552343801814,-0.269025792988649,"herbaceous","non-climbing","non-aquatic","monomorphic","long","outcrossing","biotic","autonomous","short","bisexual","superior","nectar_pollen","zygomorphic","bright"
"Melocactus_curvispinus",-1.56996673120067,2.9051001130646,1.04940823367059,2.55124967342008,-0.707760353176229,0.533251229285977,-0.803327534989791,"herbaceous","non-climbing","non-aquatic","monomorphic","long","outcrossing","biotic","biotic","long","bisexual","inferior","nectar","actinomorphic","bright"
"Menispermum_canadense",0.562557543274467,0.769744556192987,-0.370129232592074,0.0384931216028799,0.122458925192009,-1.51045921434104,0.731357343096914,"herbaceous_woody","climbing","non-aquatic","dimorphic","long","outcrossing","biotic","biotic","long","unisexual","superior","none","actinomorphic","bright"
"Menyanthes_trifoliata",-0.97474847375366,-0.370013379293491,0.591869959133281,-0.570138569082411,0.410413406723782,0.127462820139255,-0.242835090962814,"herbaceous","non-climbing","aquatic","monomorphic","long","outcrossing","biotic","abiotic","long","bisexual","superior","nectar","actinomorphic","bright"
"Miconia_affinis",0.562557543274467,0.291687878841025,0.040622458373073,0.124644359442798,0.389633186407057,-0.821049287316386,-0.856614160785878,"woody","non-climbing","non-aquatic","monomorphic","long","outcrossing","biotic","biotic","long","bisexual","intermediate","nectar","actinomorphic","bright"
"Mirabilis_jalapa",-0.367851123969636,-0.370013379293491,-0.784439733353737,-1.61060131658324,-0.100186292487196,0.974284243333207,0.773164012726118,"herbaceous","non-climbing","non-aquatic","monomorphic","long_short","selfing","biotic","autonomous","short","bisexual","superior","nectar","actinomorphic","bright_dull"
"Misodendrum_linearifolium",-1.16926152879032,-0.85766444015512,-0.784439733353737,0.0384931216028799,0.410413406723782,-2.01793830774945,-0.381862237235637,"woody","non-climbing","non-aquatic","dimorphic","long","outcrossing","abiotic","abiotic","long","unisexual","inferior","none","actinomorphic","dull"
"Mollugo_verticillata",-1.19286053638322,-0.710507095157211,0.591869959133281,0.470324178418419,0.410413406723782,-1.61214989860273,-1.20849601952453,"herbaceous","non-climbing","non-aquatic","monomorphic","short","selfing","biotic","autonomous","short","bisexual","superior","nectar_pollen","actinomorphic","bright"
"Monotropa_hypopitys",-1.34332900036728,0.191107240668097,1.00618045989494,0.805278368522632,0.410413406723782,-0.266890018817715,-2.52364315995557,"herbaceous","non-climbing","non-aquatic","monomorphic","long","mixed","biotic","autonomous","short","bisexual","superior","nectar","actinomorphic","bright"
"Montinia_caryophyllacea",-0.133453606715704,-0.583033604709306,0.286537374770164,-0.570138569082411,0.410413406723782,-0.821049287316386,0.00497272004174239,"woody","non-climbing","non-aquatic","dimorphic","long","outcrossing","biotic","autonomous","short","unisexual","inferior","nectar","actinomorphic","bright"
"Moringa_oleifera",1.06866200051532,-0.370013379293491,0.0910901840830243,0.0384931216028799,0.410413406723782,0.375839733116676,1.09380944285553,"woody","non-climbing","non-aquatic","monomorphic","long","mixed","biotic","autonomous","short","bisexual","superior","nectar","zygomorphic","bright"
"Myriophyllum_sibiricum",0.667956798104982,0.0786676534252094,-0.784439733353737,0.470324178418419,-0.322831510166402,-1.45473840243342,0.240106018429836,"herbaceous","non-climbing","aquatic","monomorphic","long","outcrossing","biotic","biotic","long","bisexual_unisexual","inferior","nectar","actinomorphic","bright"
"Myristica_fragrans",0.834264483261393,0.242721600996992,-0.784439733353737,-1.61060131658324,-0.117997909901533,-0.222604777099855,2.11426180596953,"woody","non-climbing","non-aquatic","dimorphic_monomorphic","long","outcrossing","biotic","biotic","long","unisexual","superior","pollen","actinomorphic","bright"
"Myrtus_communis",0.43355928085105,2.84451875717599,-0.0608434219561487,1.24720823289651,0.410413406723782,0.568495834186485,0.100083040415002,"woody","non-climbing","non-aquatic","monomorphic","long","mixed","biotic","biotic","long","bisexual","superior","nectar_pollen","actinomorphic","bright"
"Narthecium_ossifragum",-1.11416315147397,-0.195963182020604,1.13344475742811,0.0312356648215487,0.410413406723783,0.666340752948536,-1.17770258801667,"herbaceous","non-climbing","non-aquatic","monomorphic","long","mixed","biotic","autonomous","short","bisexual","superior","nectar","actinomorphic","bright"
"Nelumbo_lutea",0.0328540784407074,3.81321439492942,-0.784439733353737,3.20607179150595,-2.55818949566563,1.76538485461955,0.753397906641835,"herbaceous","non-climbing","aquatic","monomorphic","long","mixed","biotic","abiotic","long","bisexual","superior","other_pollen","actinomorphic","bright"
"Nelumbo_nucifera",0.0328540784407074,3.5385835594836,-0.784439733353737,3.49483555420958,-2.55818949566563,2.28477272893229,1.55059627593294,"herbaceous","non-climbing","aquatic","monomorphic","long","outcrossing","biotic","abiotic","long","bisexual","superior","other_pollen","actinomorphic","bright"
"Nemesia_strumosa",-1.06386227395981,-0.583033604709306,0.335823650333276,-0.235184378978198,0.395570392211836,0.568495834186485,-0.921831719953213,"herbaceous","non-climbing","non-aquatic","monomorphic","short","outcrossing","biotic","abiotic","long","bisexual","superior","nectar","actinomorphic","bright"
"Nepenthes_macfarlanei",0.267251595694639,-0.370013379293491,-0.342163859417303,0.470324178418419,0.00371480909643284,-0.222604777099855,0.0753468162941775,"woody","climbing","non-aquatic","dimorphic","long","outcrossing","abiotic_biotic","abiotic","long","unisexual","superior","nectar_none","actinomorphic","bright"
"Nicotiana_tabacum",0.267251595694639,-0.370013379293491,1.07583147467004,-0.570138569082411,0.410413406723782,1.02662590052741,-1.28194700432551,"herbaceous","non-climbing","non-aquatic","monomorphic","long_short","mixed","biotic","autonomous","short","bisexual","superior","nectar","actinomorphic_zygomorphic","bright"
"Nolana_humifusa",-0.535396120293735,-0.370013379293491,-0.11771759997925,2.55124967342008,0.410413406723782,0.602357936106019,-0.101997941267959,"herbaceous","non-climbing","non-aquatic","monomorphic","short","outcrossing","biotic","biotic","long","bisexual","superior","nectar_pollen","actinomorphic","bright"
"Nothofagus_dombeyi",1.7646731505055,0.338264585666006,-0.784439733353737,-1.61060131658324,-0.679806009178729,-0.580971257352818,0.219078844134679,"woody","non-climbing","non-aquatic","monomorphic","long","outcrossing","abiotic","abiotic","long","unisexual","superior","none","actinomorphic","dull"
"Nuphar_advena",-0.562193975685106,3.05093249862197,0.65450673496837,2.55124967342008,0.410413406723782,0.974284243333207,-0.513002337999014,"herbaceous","non-climbing","aquatic","monomorphic","long","outcrossing","biotic","abiotic","long","bisexual","superior","pollen","actinomorphic","bright"
"Nymphaea_odorata",-0.565804431346061,2.24442810907147,2.03858136405979,2.91101551017707,0.410413406723782,1.95804095568936,0.0120399761997285,"herbaceous","non-climbing","aquatic","monomorphic","long","outcrossing","biotic","abiotic_biotic","long","bisexual","intermediate","nectar","actinomorphic_other","bright"
"Nymphoides_peltata",-0.326042881579753,-0.370013379293491,0.367037169573316,-0.570138569082411,0.410413406723782,0.858996854018345,-0.707316544314594,"herbaceous","non-climbing","aquatic","monomorphic","long","mixed","biotic","abiotic","long","bisexual","superior","nectar_pollen","actinomorphic","bright"
"Nyssa_ogeche",1.36396794809515,0.0170570433952108,-0.636056010333528,0.148970077813605,0.371227848412243,-0.689830534295583,1.1969545451316,"woody","non-climbing","non-aquatic","dimorphic","long","outcrossing","biotic","biotic","long","unisexual","inferior","nectar_other","actinomorphic","bright"
"Ochroma_pyramidale",1.59836546534908,0.825915646527635,1.14005201616636,0.805278368522632,0.410413406723782,2.02448703505054,0.0944945856084352,"woody","non-climbing","non-aquatic","monomorphic","long","outcrossing","biotic","abiotic","long","bisexual","superior","nectar","actinomorphic_other","bright_dull"
"Octoknema_borealis",1.49296621051857,-0.370013379293491,-0.784439733353737,0.0384931216028799,-0.0645630576585236,0.533251229285977,1.20070304584043,"woody","non-climbing","non-aquatic","dimorphic","long","outcrossing","abiotic_biotic","biotic","long","unisexual","superior","none","actinomorphic","bright_dull"
"Octomeles_sumatrana",1.89367141292891,-0.11955176196796,0.36252977420684,1.31034689883079,-0.13580952731587,-0.821049287316386,-1.05919840305325,"woody","non-climbing","non-aquatic","dimorphic","long","outcrossing","biotic","abiotic","long","unisexual","inferior","nectar","actinomorphic","bright"
"Olea_europaea",1.19766026293874,-1.24473486284382,-0.370129232592074,-0.570138569082411,0.291669290628207,-1.19297559454357,1.10953567952781,"woody","non-climbing","non-aquatic","monomorphic","long","outcrossing","abiotic","biotic","long","bisexual_unisexual","superior","none","actinomorphic","bright_dull"
"Oryza_sativa",-0.367851123969636,-0.195963182020604,-0.784439733353737,-1.61060131658324,-0.63453481491729,-0.313570193907975,0.443883261257361,"herbaceous","non-climbing","aquatic","monomorphic","short","selfing","abiotic","autonomous","short","bisexual","superior","none","zygomorphic","dull"
"Ottelia_acuminata",-0.199769970993234,0.338264585666006,-0.18125501270937,0.0384931216028799,-0.669168515445167,0.477530417378364,-0.204629617849099,"herbaceous","non-climbing","aquatic","dimorphic","long","outcrossing","biotic","abiotic","long","unisexual","superior","nectar_pollen","actinomorphic","bright"
"Oxalis_corniculata",-1.75987342394998,0.291687878841025,0.378676890219667,0.805278368522632,0.410413406723782,-0.0651932809305539,-0.9751183457493,"herbaceous","non-climbing","non-aquatic","monomorphic","long_short","selfing","biotic","autonomous","short","bisexual","superior","nectar_pollen","actinomorphic","bright"
"Paeonia_californica",-0.713457949063626,2.34583135231353,0.909039043249378,1.51078692591925,-2.55818949566563,0.974284243333207,1.12922118935571,"herbaceous","non-climbing","non-aquatic","monomorphic","long","outcrossing","biotic","biotic","long","bisexual","superior","nectar","actinomorphic","bright"
"Panax_quinquefolius",-0.97474847375366,-0.370013379293491,-0.54208362675316,-0.570138569082411,0.410413406723782,-1.26208230136362,0.466540803351975,"herbaceous","non-climbing","non-aquatic","monomorphic","long","mixed","biotic","biotic","long","bisexual_unisexual","inferior","nectar","actinomorphic","dull"
"Pandanus_tectorius",0.562557543274467,0.678758301529726,-0.784439733353737,2.08781596626909,-0.84233701808455,-0.338985957373057,0.67437024645828,"woody","non-climbing","non-aquatic","dimorphic","long","outcrossing","abiotic_biotic","abiotic_biotic","long","unisexual","superior","none","actinomorphic","bright_dull"
"Pennantia_corymbosa",0.96326274568481,-0.370013379293491,-1.02679583995431,0.0384931216028799,0.410413406723782,-0.470981690077276,0.322462384175497,"woody","non-climbing","non-aquatic","dimorphic","long","outcrossing","biotic","biotic","long","unisexual","superior","nectar_pollen","actinomorphic","bright_dull"
"Perrottetia_ovata",0.939663738091908,-0.370013379293491,0.0441812681695879,-0.570138569082411,0.410413406723782,-0.320202464755804,0.661483478295368,"woody","non-climbing","non-aquatic","dimorphic","long","outcrossing","biotic","biotic","long","unisexual","superior","pollen","actinomorphic","bright"
"Petrosavia_sakuraii",-1.29825979121374,-0.195963182020604,0.377342359281719,0.0384931216028799,0.267920467409091,-0.821049287316386,-0.773104055800133,"herbaceous","non-climbing","non-aquatic","monomorphic","long","selfing","biotic","abiotic","long","bisexual","intermediate","nectar","actinomorphic","bright"
"Petunia_axillaris",-0.663157071549464,-0.583033604709306,0.904691109199874,-0.570138569082411,0.351041348675995,1.5453177869531,-0.355855091572313,"herbaceous","non-climbing","non-aquatic","monomorphic","short","mixed","biotic","autonomous","short","bisexual","superior","nectar","actinomorphic","bright"
"Peumus_boldus",0.562557543274467,1.57860315932541,-0.784439733353737,0.805278368522632,-2.55818949566563,0.336885609102364,1.51417855586112,"woody","non-climbing","non-aquatic","dimorphic","long","outcrossing","biotic","biotic","long","unisexual","superior","nectar_pollen","actinomorphic","bright"
"Phelline_comosa",0.96493241849145,-0.583033604709306,-0.784439733353737,0.64712481228817,0.410413406723782,-0.594531084327043,0.623644815812769,"woody","non-climbing","non-aquatic","dimorphic","long","outcrossing","biotic","biotic","long","unisexual","superior","none","actinomorphic","bright"
"Phoenix_dactylifera",1.59836546534908,-0.195963182020604,-0.549067992190645,0.0384931216028799,-0.0562509695318333,0.183183632046868,1.53562800993615,"woody","non-climbing","non-aquatic","dimorphic","long","outcrossing","abiotic_biotic","biotic","long","unisexual","superior","none","actinomorphic","bright_dull"
"Phormium_tenax",0.562557543274467,-0.195963182020604,0.620914250532603,0.0384931216028799,-0.0794060721704707,0.918563431425594,0.0891804886353275,"herbaceous","non-climbing","non-aquatic","monomorphic","long","outcrossing","biotic","abiotic","long","bisexual","intermediate_superior","nectar","zygomorphic","bright"
"Phragmites_australis",0.596242531512009,-1.03171463742801,-0.784439733353737,0.0384931216028799,-0.831946907926188,-1.72743728791759,-1.17770258801667,"herbaceous","non-climbing","aquatic","monomorphic","long","outcrossing","abiotic","abiotic","long","bisexual_unisexual","superior","none","actinomorphic","dull"
"Phryma_leptostachya",-0.574043271343317,-0.583033604709306,-0.784439733353737,-0.570138569082411,0.410413406723782,0.0662804987210524,0.0150172577865121,"herbaceous","non-climbing","non-aquatic","monomorphic","long","selfing","biotic","biotic","long","bisexual","superior","other","zygomorphic","bright"
"Phyllanthus_niruri",-0.829464756705876,-0.85766444015512,-0.355890952973268,0.0384931216028799,0.370337267541526,-2.21059440881926,-0.369350909599164,"herbaceous","non-climbing","non-aquatic","monomorphic","short","outcrossing","biotic","abiotic","long","unisexual","superior","nectar","actinomorphic","bright"
"Physena_madagascariensis",0.796955060528398,0.291687878841025,-0.784439733353737,-0.570138569082411,0.410413406723782,-1.02911567687467,0.768351347665272,"woody","non-climbing","non-aquatic","dimorphic","long","outcrossing","abiotic","biotic","long","unisexual","superior","none","actinomorphic","dull"
"Picramnia_polyantha",1.05376065343984,-0.279027124630229,-0.370129232592074,-0.570138569082411,0.410413406723782,-0.880482926967378,0.685739772420789,"woody","non-climbing","non-aquatic","dimorphic","long","outcrossing","biotic","biotic","long","unisexual","superior","nectar","actinomorphic","bright"
"Pinguicula_alpina",-1.7929164405409,-0.364118743712595,1.79622525745921,-0.570138569082411,0.348072745773605,0.00391342588948757,-1.64808863171875,"herbaceous","non-climbing","non-aquatic","monomorphic","long","outcrossing","biotic","autonomous","short","bisexual","superior","nectar","zygomorphic","bright"
"Piper_amalago",0.267251595694639,-0.370013379293491,0.131378790632804,-0.345774869149414,0.410413406723783,0.192548544966132,-0.41486458469327,"woody","non-climbing","non-aquatic","monomorphic","long","outcrossing","biotic","biotic","long","bisexual","inferior","nectar","actinomorphic","bright"
"Piper_arboreum",0.562557543274467,-0.583033604709306,-0.575872455564322,-0.404576675770348,0.120974623740815,-2.21059440881926,-0.501824145896937,"woody","non-climbing","non-aquatic","monomorphic","long","outcrossing","abiotic_biotic","biotic","long","unisexual","superior","none","actinomorphic","bright"
"Pitcairnia_albiflos",-0.574043271343317,-0.195963182020604,1.20629111460177,0.0384931216028799,0.336198334164048,1.16694034440302,-0.333175704199123,"herbaceous","non-climbing","non-aquatic","monomorphic","long","mixed","biotic","abiotic","long","bisexual","intermediate","nectar","actinomorphic","bright"
"Pittosporum_dasycaulon",0.834264483261393,-0.370013379293491,0.234528612152948,-0.404644139885134,0.380727377699889,-0.109478522648414,0.336155422458156,"woody","non-climbing","non-aquatic","monomorphic","long","outcrossing","biotic","autonomous","short","bisexual","superior","pollen","zygomorphic","bright"
"Plantago_lanceolata",-1.54729341701353,-0.583033604709306,0.0547621024287499,-0.570138569082411,0.410413406723782,-1.01370538838619,-0.417021548591663,"herbaceous","non-climbing","non-aquatic","dimorphic","long","outcrossing","abiotic_biotic","autonomous","short","bisexual_unisexual","superior","none_pollen","actinomorphic","bright_dull"
"Platea_latifolia",1.21661590895417,-0.370013379293491,-0.784439733353737,-0.570138569082411,0.410413406723782,-1.61214989860273,0.684874486947795,"woody","non-climbing","non-aquatic","dimorphic","long","outcrossing","abiotic","biotic","long","unisexual","superior","none","actinomorphic","dull"
"Plocosperma_buxifolium",0.356365395900786,-0.370013379293491,-0.54208362675316,-0.570138569082411,0.410413406723782,-0.415260878169663,0.381158885179755,"woody","non-climbing","non-aquatic","dimorphic","long","outcrossing","biotic","biotic","long","unisexual","superior","other","zygomorphic","bright"
"Plumbago_auriculata",-0.461802570886451,-0.370013379293491,-0.784439733353737,-1.61060131658324,0.0838670874609471,0.808195559279363,0.28182999810242,"woody","non-climbing","non-aquatic","monomorphic","long","outcrossing","biotic","biotic","long","bisexual","superior","nectar","actinomorphic","bright"
"Podophyllum_peltatum",-0.829464756705876,0.678758301529726,1.46787442003509,-1.61060131658324,-0.0348770286346295,1.16694034440302,-0.132452524910154,"herbaceous","non-climbing","non-aquatic","monomorphic","long","outcrossing","biotic","biotic","long","bisexual","superior","nectar","actinomorphic","bright"
"Poeppigia_procera",1.19766026293874,0.291687878841025,0.45849176893125,-1.61060131658324,0.0541810584370529,0.182424438701486,0.955878547912767,"woody","non-climbing","non-aquatic","monomorphic","long","outcrossing","biotic","biotic","long","bisexual","superior","pollen","actinomorphic","bright"
"Polycarpon_tetraphyllum",-1.23016995911622,-0.940728382764745,0.983373874210059,-0.0682937044606536,0.351041348675995,-1.61214989860273,-1.28194700432551,"herbaceous","non-climbing","non-aquatic","monomorphic","short","selfing","biotic","biotic","long","bisexual","superior","nectar","actinomorphic","bright"
"Polygala_lewtonii",-1.29825979121374,0.0786676534252094,-0.784439733353737,-0.570138569082411,0.342135539968827,-0.530548267484526,-0.297654750845838,"herbaceous","non-climbing","non-aquatic","monomorphic","long","mixed","biotic","biotic","short","bisexual","superior","nectar","zygomorphic","bright"
"Pontederia_crassipes",-0.897554588803396,-0.195963182020604,0.946273267870171,0.0384931216028799,0.410413406723782,1.32435184057232,-0.246346451144752,"herbaceous","non-climbing","aquatic","monomorphic","long_short","outcrossing","biotic","abiotic_biotic","long","bisexual","superior","nectar","zygomorphic","bright"
"Populus_alba",1.36396794809515,0.191107240668097,-0.297647153037584,-0.643157372458889,0.13359118607597,-0.813566737374743,-0.837751662649264,"woody","non-climbing","non-aquatic","dimorphic","long","outcrossing","abiotic","abiotic","long","unisexual","superior","none","actinomorphic","dull"
"Portulaca_oleracea",-1.06386227395981,0.242721600996992,1.66284706725718,0.64712481228817,0.410413406723782,-0.470981690077276,-1.07936276205813,"herbaceous","non-climbing","non-aquatic","monomorphic","short","selfing","biotic","biotic","long","bisexual","intermediate","nectar","actinomorphic","bright"
"Posidonia_australis",-1.06386227395981,-0.85766444015512,-0.784439733353737,-1.61060131658324,-0.99373576610641,-1.27130023175634,-0.220279900145296,"herbaceous","non-climbing","aquatic","monomorphic","long","mixed","abiotic","abiotic","long","bisexual","superior","none","actinomorphic","dull"
"Posoqueria_latifolia",1.15777580072147,-0.370013379293491,-0.270383860672678,-0.570138569082411,0.410413406723782,0.034594883102562,0.454500139443797,"woody","non-climbing","non-aquatic","monomorphic","long","outcrossing","biotic","biotic","long","bisexual","inferior","nectar","zygomorphic","bright"
"Potamogeton_berchtoldii",-0.746880939244693,-0.583033604709306,-0.784439733353737,0.470324178418419,-2.55818949566563,-1.04118809286212,-0.474231284052179,"herbaceous","non-climbing","aquatic","monomorphic","long_short","mixed","abiotic","abiotic","long","unisexual","superior","none","actinomorphic","dull"
"Primula_sieboldii",-1.34332900036728,-0.370013379293491,0.748691299307644,0.805278368522632,0.410413406723782,0.127462820139255,-0.921831719953213,"herbaceous","non-climbing","non-aquatic","monomorphic","long","outcrossing","biotic","autonomous","short","bisexual","superior","nectar","actinomorphic","bright"
"Prionotes_cerinthoides",-0.367851123969636,-0.370013379293491,0.237521599793997,0.805278368522632,0.410413406723782,0.467883692135184,-0.264319042695412,"herbaceous","climbing","non-aquatic","monomorphic","long","outcrossing","biotic","abiotic","long","bisexual","superior","nectar","actinomorphic","bright"
"Prunus_persica",0.75707059831113,1.74851177472853,-0.370129232592074,-1.61060131658324,0.0526967569858581,0.00391342588948757,1.81429882858472,"woody","non-climbing","non-aquatic","monomorphic","long","mixed","biotic","biotic","long","bisexual","superior","nectar","actinomorphic","bright"
"Putranjiva_roxburghii",1.06866200051532,-0.806050079826224,-0.370129232592074,0.0384931216028799,0.410413406723782,-0.628393186246577,1.34895489033631,"woody","non-climbing","non-aquatic","dimorphic","long","outcrossing","abiotic","biotic","long","unisexual","superior","none","actinomorphic","bright_dull"
"Qualea_grandiflora",1.06866200051532,-1.90643612097834,1.62160839250465,0.0384931216028799,0.410413406723782,0.375839733116676,-0.606614130055578,"woody","non-climbing","non-aquatic","monomorphic","long","outcrossing","biotic","abiotic","long","bisexual","superior","nectar","zygomorphic","bright"
"Quercus_rubra",1.59836546534908,-0.195963182020604,-0.370129232592074,0.0384931216028799,0.0528451871309776,-0.719630769303885,1.84890072255601,"woody","non-climbing","non-aquatic","monomorphic","long","outcrossing","abiotic","biotic","long","unisexual","inferior","none","actinomorphic","dull"
"Quinchamalium_chilense",-1.26321297570714,-0.370013379293491,-0.784439733353737,-1.61060131658324,0.0838670874609471,-0.0633964583733002,-0.222114561891557,"herbaceous","non-climbing","non-aquatic","monomorphic","long","outcrossing","biotic","abiotic","long","bisexual","inferior","nectar","actinomorphic","bright"
"Quintinia_hyehenensis",0.691555805697884,-0.370013379293491,-0.744445100511403,0.64712481228817,0.309480908042543,-0.821049287316386,0.861881802806743,"woody","non-climbing","non-aquatic","dimorphic","long","outcrossing","biotic","biotic","long","unisexual","inferior","nectar_other","actinomorphic","bright"
"Rafflesia_keithii",0.968457057726859,1.61509039511006,0.251850997401077,0.557236012179798,-0.4356384204572,3.56071838526914,1.0838549077877,"woody","non-climbing","non-aquatic","dimorphic","long","outcrossing","biotic","biotic","long_short","unisexual","inferior","nectar_pollen","actinomorphic","bright_dull"
"Ranunculus_acris",-0.687760589227215,2.00216081779876,-0.784439733353737,2.88620386352429,-2.55818949566563,0.438279434397135,-0.34622865577791,"herbaceous","non-climbing","non-aquatic","monomorphic","long","outcrossing","biotic","biotic","long","bisexual","superior","nectar_pollen","actinomorphic","bright"
"Ranunculus_ficaria",-1.25645154882386,1.16640936239136,-0.784439733353737,2.45437280670875,-1.55282264605642,0.778248987549991,-0.219225680860643,"herbaceous","non-climbing","non-aquatic","monomorphic","long","outcrossing","biotic","biotic","short","bisexual","superior","nectar_pollen","actinomorphic","bright"
"Ravenala_madagascariensis",1.13675183261284,-0.195963182020604,0.725248149335312,0.0384931216028799,0.410413406723782,2.31954412311822,1.10133459380561,"woody","non-climbing","non-aquatic","monomorphic","long","mixed","biotic","biotic","long","bisexual","inferior","nectar_pollen","zygomorphic","bright"
"Reseda_lutea",1.7646731505055,0.95338913697554,-0.149759096767143,0.0384931216028799,0.107615910680062,-0.663637791147085,-0.58494121293369,"herbaceous","non-climbing","non-aquatic","monomorphic","long_short","outcrossing","biotic","biotic","long","bisexual","superior","other","zygomorphic","bright_dull"
"Rhexia_virginica",-0.534158809126048,0.0786676534252094,1.24710923229836,0.470324178418419,0.139676822025868,0.858996854018345,-1.64808863171875,"herbaceous","non-climbing","non-aquatic","monomorphic","long","outcrossing","biotic","abiotic","long","bisexual","superior","nectar","actinomorphic","bright"
"Rhizophora_stylosa",1.13675183261284,0.0786676534252094,-0.370129232592074,-0.570138569082411,0.410413406723782,-0.866118446605918,2.53462831425625,"woody","non-climbing","non-aquatic","monomorphic","long","mixed","abiotic","abiotic","long","bisexual","inferior","none","actinomorphic","bright_dull"
"Ribes_aureum",0.0328540784407074,-0.370013379293491,-0.0155586934759885,-0.570138569082411,0.37479017189511,0.183183632046868,-0.354850734768928,"woody","non-climbing","non-aquatic","monomorphic","long","outcrossing","biotic","abiotic","long","bisexual","inferior","nectar","actinomorphic","bright"
"Roridula_dentata",0.0328540784407074,-0.370013379293491,-0.784439733353737,0.0384931216028799,0.410413406723782,0.568495834186485,-0.0130938081358271,"woody","non-climbing","non-aquatic","monomorphic","long","selfing","autonomous_biotic","autonomous","short","bisexual","superior","none","actinomorphic","bright_dull"
"Roridula_gorgonias",-0.367851123969636,-0.370013379293491,-0.127773125991498,0.0384931216028799,0.410413406723782,0.568495834186485,-0.466437027970268,"herbaceous_woody","non-climbing","non-aquatic","monomorphic","long","selfing","autonomous_biotic","autonomous","short","bisexual","intermediate","none","actinomorphic","bright_dull"
"Roupala_montana",0.667956798104982,-0.583033604709306,-0.370129232592074,-1.61060131658324,0.0838670874609471,-0.4426718447663,0.620539871576678,"woody","non-climbing","non-aquatic","monomorphic","long","outcrossing","biotic","abiotic","long","bisexual","superior","nectar","actinomorphic","bright"
"Rourea_induta",0.43355928085105,0.291687878841025,-0.647510439025002,0.192308197587299,0.351041348675995,-0.140316548176278,0.946476207288033,"woody","non-climbing","non-aquatic","monomorphic","long","outcrossing","biotic","biotic","long","bisexual","superior","nectar_other","actinomorphic","bright"
"Ruellia_ciliatiflora",-0.740350956499728,-0.583033604709306,0.413523191246162,-0.295828012155151,0.380727377699889,1.24922857332659,-0.303613061752934,"herbaceous_woody","non-climbing","non-aquatic","monomorphic","long","mixed","biotic","abiotic","long","bisexual","superior","nectar","zygomorphic","bright"
"Ruta_graveolens",-0.367851123969636,0.191107240668097,0.0441812681695879,0.470324178418419,0.410413406723782,0.311853512282366,-0.297796605478296,"woody","non-climbing","non-aquatic","monomorphic","long","outcrossing","biotic","autonomous","short","bisexual","superior","nectar_pollen","actinomorphic","bright"
"Sagina_procumbens",-1.29825979121374,-0.583033604709306,1.20729789174299,0.470324178418419,0.0898042932657259,-1.61214989860273,-1.64808863171875,"herbaceous","non-climbing","non-aquatic","monomorphic","long","selfing","autonomous_biotic","autonomous","short","bisexual","superior","nectar","actinomorphic","dull"
"Sagittaria_latifolia",-0.367851123969636,1.34045955966424,0.732594462357483,1.07895586910371,-0.255147363991923,0.974284243333207,-0.674194277523392,"herbaceous","non-climbing","non-aquatic","dimorphic_monomorphic","long","outcrossing","biotic","abiotic","long","unisexual","superior","nectar","actinomorphic","bright"
"Salpiglossis_sinuata",-0.367851123969636,-0.583033604709306,1.34004641844956,-0.570138569082411,0.410413406723782,1.24922857332659,-1.17770258801667,"herbaceous","non-climbing","non-aquatic","monomorphic","short","outcrossing","autonomous_biotic","autonomous","short","bisexual","superior","pollen","zygomorphic","bright"
"Santalum_spicatum",0.667956798104982,-0.583033604709306,-0.784439733353737,0.0384931216028799,0.321355319652101,-0.663637791147085,1.64341784536222,"woody","non-climbing","non-aquatic","monomorphic","long","outcrossing","biotic","biotic","long","bisexual","inferior","nectar_other","actinomorphic","bright_dull"
"Sarracenia_purpurea",-1.16926152879032,2.0785722378514,2.58786186343387,0.805278368522632,0.410413406723782,1.32435184057232,-0.339509571779213,"herbaceous","non-climbing","non-aquatic","monomorphic","long","outcrossing","biotic","autonomous","short","bisexual","superior","nectar","actinomorphic","bright_dull"
"Saxifraga_cernua",-1.44561183035472,0.291687878841025,2.47120430771319,-0.570138569082411,-0.480167463993042,2.11545245185866,-0.416967311876785,"herbaceous","non-climbing","non-aquatic","dimorphic_monomorphic","long","outcrossing","biotic","abiotic_biotic","long","bisexual_unisexual","intermediate","nectar","actinomorphic","bright"
"Scaevola_montana",0.311143938238128,-0.353794982456645,-0.293314444030045,-0.250081206620829,0.351041348675995,0.177748907464224,0.197354456116312,"woody","non-climbing","non-aquatic","monomorphic","long","outcrossing","biotic","biotic","long","bisexual","inferior","nectar","actinomorphic","bright"
"Schinus_molle",0.869311298767995,0.291687878841025,-0.784439733353737,0.0384931216028799,0.410413406723782,-0.558353245246462,0.496543253912417,"woody","non-climbing","non-aquatic","dimorphic","long","outcrossing","biotic","abiotic_biotic","long","unisexual","superior","nectar_pollen","actinomorphic","bright_dull"
"Schisandra_chinensis",0.902354315358913,-0.279027124630229,-0.236751042390043,3.33668199797512,-2.55818949566563,-0.189608185033185,0.058939828756832,"herbaceous","climbing","non-aquatic","monomorphic","long","mixed","biotic","biotic","long","unisexual","superior","nectar_pollen","actinomorphic","bright"
"Schizanthus_grahamii",-0.768556326379979,-1.24473486284382,-0.151196139172311,-0.570138569082411,0.410413406723782,0.696637648451079,-0.444228833491737,"herbaceous","non-climbing","non-aquatic","monomorphic","short","mixed","biotic","abiotic","long","bisexual","superior","nectar","zygomorphic","bright"
"Scleranthus_annuus",-1.52547590669605,-0.710507095157211,-0.784439733353737,-0.570138569082411,0.410413406723782,-1.86052681158015,-0.449020207711275,"herbaceous","non-climbing","non-aquatic","monomorphic","short","selfing","autonomous_biotic","autonomous","short","bisexual","superior","nectar_none","actinomorphic","bright_dull"
"Senecio_vulgaris",-0.736368287920644,-0.370013379293491,-1.1987502341154,-0.570138569082411,0.351041348675995,-0.738761058392809,-0.960858577094712,"herbaceous","non-climbing","non-aquatic","monomorphic","short","mixed","biotic","abiotic","long","bisexual","inferior","nectar","actinomorphic","bright"
"Sesamum_indicum",-0.262451869139121,-0.583033604709306,1.29637999027134,-0.570138569082411,0.410413406723782,0.533251229285977,-0.272966535139686,"herbaceous","non-climbing","non-aquatic","monomorphic","short","mixed","biotic","autonomous","short","bisexual","superior","nectar","zygomorphic","bright"
"Sextonia_rubra",1.7646731505055,0.191107240668097,-0.784439733353737,-1.61060131658324,-0.509853493016935,-0.183187083872901,0.324890846872195,"woody","non-climbing","non-aquatic","monomorphic","long","outcrossing","biotic","autonomous_biotic","long_short","bisexual","superior","other","actinomorphic","bright"
"Silene_vulgaris",-0.663157071549464,0.291687878841025,-0.185815228688929,0.0986133555307855,0.410413406723782,0.417963839971115,-0.446614702101765,"herbaceous","non-climbing","non-aquatic","dimorphic","long","mixed","biotic","abiotic","long","bisexual_unisexual","superior","nectar_other","actinomorphic_zygomorphic","bright"
"Simmondsia_chinensis",0.161852340864124,0.291687878841025,-0.5993668382376,0.0384931216028799,0.410413406723782,-1.01370538838619,1.33779837610422,"woody","non-climbing","non-aquatic","dimorphic","long","outcrossing","abiotic","biotic","long","unisexual","superior","none","actinomorphic","bright_dull"
"Sinia_rhodoleuca",-0.287055386816872,-0.370013379293491,0.0309497038932606,0.0384931216028799,0.410413406723783,-0.778925180461948,-0.390089598076237,"woody","non-climbing","non-aquatic","monomorphic","long","outcrossing","biotic","abiotic","long","bisexual","superior","nectar","actinomorphic","bright"
"Sinojackia_xylocarpa",0.667956798104982,0.542149496166556,0.378676890219667,0.0384931216028799,0.410413406723782,0.260552343801814,0.3023376815056,"woody","non-climbing","non-aquatic","monomorphic","long","outcrossing","biotic","biotic","long","bisexual","intermediate","nectar","actinomorphic","bright"
"Solanum_dulcamara",-0.287055386816872,-0.370013379293491,0.834226065733858,-0.570138569082411,0.410413406723782,-0.0299486760300464,0.452407393230129,"herbaceous","climbing_non-climbing","non-aquatic","monomorphic","long","mixed","biotic","biotic","long","bisexual","superior","pollen","actinomorphic","bright"
"Souroubea_guianensis",0.952164686695553,-0.370013379293491,-0.321466818749244,0.0636703481345101,0.351041348675995,0.0678962427320051,0.921301673385647,"woody","climbing","non-aquatic","monomorphic","long","outcrossing","biotic","biotic","long","bisexual","inferior","nectar_other","actinomorphic","bright"
"Spergularia_marina",-1.29825979121374,-0.506622184656662,2.04649835006422,-0.124134824479257,0.318386716749711,-0.594531084327043,-1.38028683028404,"herbaceous","non-climbing","non-aquatic","monomorphic","short","selfing","autonomous","abiotic","long","bisexual","superior","nectar","actinomorphic","bright_dull"
"Spigelia_marilandica",-0.829464756705876,-0.370013379293491,0.391168950371347,-0.570138569082411,0.410413406723782,0.918563431425594,-0.256318457491643,"herbaceous","non-climbing","non-aquatic","monomorphic","long","outcrossing","biotic","autonomous","short","bisexual","superior","nectar","actinomorphic","bright_dull"
"Spiranthes_cernua",-1.06386227395981,-1.90643612097834,1.31156558391421,0.0384931216028799,0.410413406723782,0.127462820139255,-2.11847467542083,"herbaceous","non-climbing","non-aquatic","monomorphic","long","mixed","autonomous_biotic","abiotic","long","bisexual","inferior","pollen","zygomorphic","bright_dull"
"Spondias_tuberosa",0.667956798104982,0.291687878841025,-0.784439733353737,0.64712481228817,0.202611203556524,-0.182926989879564,1.61251838181966,"woody","non-climbing","non-aquatic","monomorphic","long","outcrossing","biotic","biotic","long","bisexual","superior","nectar_other","actinomorphic","bright"
"Staphylea_trifolia",0.290387941871589,-0.370013379293491,0.528893481370741,-0.235184378978198,0.410413406723782,-0.383476690435175,0.642341308662246,"woody","non-climbing","non-aquatic","monomorphic","long","outcrossing","biotic","abiotic","long","bisexual","superior","nectar_pollen","actinomorphic","bright_dull"
"Stellaria_media",-1.29825979121374,-0.279027124630229,0.665043052049186,-0.00532182369997334,0.285732084823428,-0.778925180461948,-0.787525455201062,"herbaceous","non-climbing","non-aquatic","monomorphic","long_short","selfing","autonomous_biotic","autonomous","short","bisexual","superior","nectar","actinomorphic","bright_dull"
"Sterculia_apetala",1.68747926555523,0.678758301529726,0.64883911291461,0.805278368522632,-1.96446891518775,0.375839733116676,1.70154061795323,"woody","non-climbing","non-aquatic","monomorphic","long","outcrossing","biotic","biotic","long","unisexual","superior","nectar_pollen","actinomorphic","bright_dull"
"Stylidium_graminifolium",0.0400354802123299,-1.24473486284382,1.90520317385776,-0.570138569082411,0.410413406723782,-0.222604777099855,-1.00591177725716,"herbaceous","non-climbing","non-aquatic","monomorphic","long","outcrossing","biotic","autonomous","short","bisexual","inferior","nectar","zygomorphic","bright"
"Swietenia_macrophylla",1.59836546534908,0.291687878841025,0.792987390981329,0.805278368522632,0.410413406723782,-0.222604777099855,1.34216378257524,"woody","non-climbing","non-aquatic","monomorphic","long","outcrossing","biotic","abiotic","long","unisexual","superior","nectar","actinomorphic","bright_dull"
"Syringa_vulgaris",0.667956798104982,-1.24473486284382,-0.370129232592074,-0.570138569082411,0.410413406723782,-0.222604777099855,-0.00279391805936054,"woody","non-climbing","non-aquatic","monomorphic","long","outcrossing","biotic","biotic","long","bisexual","superior","nectar_pollen","actinomorphic","bright"
"Tacca_chantrieri",-0.534158809126048,-0.195963182020604,2.59418704102791,0.0384931216028799,0.309480908042543,0.260552343801814,0.00343581580770576,"herbaceous","non-climbing","non-aquatic","monomorphic","long","selfing","autonomous_biotic","biotic","long","bisexual","inferior","nectar","actinomorphic","bright_dull"
"Tacca_leontopetaloides",-0.367851123969636,-0.195963182020604,1.08971948588665,0.0384931216028799,0.380727377699889,0.974055459039652,0.41077920369838,"herbaceous","non-climbing","non-aquatic","monomorphic","long","mixed","biotic","biotic","long","bisexual","inferior","nectar","actinomorphic","bright_dull"
"Talinum_paniculatum",-0.616884749769426,0.725335008354707,0.975521241940318,0.0384931216028799,0.244171644189976,-0.373136771315225,-0.66393823287154,"herbaceous","non-climbing","non-aquatic","monomorphic","long","outcrossing","biotic","autonomous","short","bisexual","superior","nectar","actinomorphic","bright"
"Tectona_grandis",1.7646731505055,-0.195963182020604,-0.0420908761508335,0.254550670189625,0.196673997751745,-0.738761058392809,1.40841458152339,"woody","non-climbing","non-aquatic","monomorphic","long","outcrossing","biotic","abiotic","long","bisexual","superior","nectar","actinomorphic","bright"
"Ternstroemia_crassifolia",0.843537047643404,1.61509039511006,-0.219198777288096,-0.570138569082411,-0.585552867027865,-0.0299486760300464,1.14135389154017,"woody","non-climbing","non-aquatic","monomorphic","long","outcrossing","biotic","biotic","long","bisexual_unisexual","superior","nectar_pollen","actinomorphic","bright"
"Tetracentron_sinense",1.7646731505055,-0.583033604709306,0.286537374770164,0.470324178418419,-0.1833071737541,-1.86052681158015,-1.05919840305325,"woody","non-climbing","non-aquatic","monomorphic","long","mixed","abiotic_biotic","abiotic","long","bisexual","intermediate","nectar_none_pollen","actinomorphic","bright_dull"
"Tetratheca_aphylla",0.00320166047479564,0.291687878841025,-0.784439733353737,0.0384931216028799,0.351041348675995,-0.313570193907975,-0.0249218279579116,"woody","non-climbing","non-aquatic","monomorphic","long","outcrossing","biotic","autonomous_biotic","short","bisexual","superior","pollen","actinomorphic","bright"
"Tetroncium_magellanicum",-1.29825979121374,-0.583033604709306,-0.784439733353737,0.470324178418419,-1.66760862494881,-0.313570193907975,-0.23438266763981,"herbaceous","non-climbing","aquatic","dimorphic","long","outcrossing","abiotic","biotic","long","unisexual","superior","none","other","bright"
"Thalictrum_minus",-0.479060431809694,0.50470810425684,-0.784439733353737,1.4631298931787,-2.55818949566563,-0.530548267484526,-0.290685128560937,"herbaceous","non-climbing","non-aquatic","monomorphic","long","outcrossing","abiotic_biotic","autonomous","short","bisexual","superior","none_pollen","actinomorphic","bright_dull"
"Theobroma_cacao",1.30305951776926,-0.370013379293491,-0.107605121747472,0.805278368522632,0.410413406723782,-0.222604777099855,1.70066180342482,"woody","non-climbing","non-aquatic","monomorphic","long","mixed","biotic","biotic","long","bisexual","superior","nectar","actinomorphic","bright"
"Thymelaea_hirsuta",-0.0961441839827093,0.0786676534252094,-0.784439733353737,-1.61060131658324,-0.374039910232619,0.69265896432642,-0.176902650195649,"woody","non-climbing","non-aquatic","dimorphic_monomorphic","long","outcrossing","abiotic_biotic","biotic","long","unisexual","superior","none","actinomorphic","dull"
"Titanotrichum_oldhamii",-0.97474847375366,-0.583033604709306,0.354729548276248,-0.313542355199524,0.410413406723783,0.858996854018345,-0.537722944006955,"herbaceous","non-climbing","non-aquatic","monomorphic","long","mixed","biotic","abiotic","long","bisexual","superior","nectar","zygomorphic","bright"
"Trachelium_caeruleum",-0.367851123969636,-0.370013379293491,0.540805282293951,0.113156803408591,0.329271594058472,-0.821049287316386,-1.85067287398612,"herbaceous","non-climbing","non-aquatic","monomorphic","long","outcrossing","biotic","autonomous","short","bisexual","inferior","nectar_pollen","actinomorphic","bright"
"Tragopogon_dubius",-0.574043271343317,-0.370013379293491,-0.784439733353737,-0.570138569082411,0.410413406723782,0.306561002755475,0.142913664986858,"herbaceous","non-climbing","non-aquatic","monomorphic","short","selfing","biotic","abiotic_biotic","long","bisexual","inferior","nectar","zygomorphic","bright"
"Tribulus_terrestris",-0.97474847375366,0.291687878841025,1.00618045989494,0.805278368522632,0.410413406723782,-0.313570193907975,0.315129128609569,"herbaceous","non-climbing","non-aquatic","monomorphic","short","outcrossing","biotic","biotic","long","bisexual","superior","nectar_pollen","actinomorphic","bright"
"Trichilia_emetica",1.59836546534908,0.291687878841025,-0.370129232592074,0.0384931216028799,0.410413406723782,0.183183632046868,1.41075134438739,"woody","non-climbing","non-aquatic","dimorphic","long","outcrossing","biotic","biotic","long","unisexual","superior","nectar_other","actinomorphic","bright_dull"
"Trillium_erectum",-1.06386227395981,-0.195963182020604,1.30313116112553,0.0384931216028799,0.380727377699889,1.39345854739236,-0.393763756438304,"herbaceous","non-climbing","non-aquatic","monomorphic","long","mixed","biotic","biotic","short","bisexual","superior","nectar","actinomorphic","bright_dull"
"Trithuria_submersa",-1.86527267878049,-1.90643612097834,-0.784439733353737,-1.61060131658324,-0.799292275999903,-0.222604777099855,-0.213015697882801,"herbaceous","non-climbing","aquatic","monomorphic","short","selfing","abiotic","autonomous","short","unisexual","superior","none","actinomorphic","bright"
"Trochocarpa_laurina",1.11493432229536,0.291687878841025,-0.784439733353737,1.84574111602346,0.410413406723782,-1.41949379753292,0.431681901104448,"woody","non-climbing","non-aquatic","monomorphic","long","outcrossing","biotic","abiotic_biotic","long","bisexual","superior","other","actinomorphic","bright"
"Tropaeolum_majus",0.0328540784407074,0.0786676534252094,0.26954671958132,-0.138470738331312,-0.187760078107684,1.06632820235171,0.953210791198714,"herbaceous","climbing_non-climbing","non-aquatic","monomorphic","long_short","mixed","biotic","abiotic","long","bisexual","superior","nectar_pollen","zygomorphic","bright"
"Tropaeolum_tricolor",0.0328540784407074,0.0786676534252094,-0.784439733353737,0.0384931216028799,0.410413406723782,0.725907330355786,0.417955629309307,"herbaceous","non-climbing","non-aquatic","monomorphic","long","outcrossing","biotic","biotic","long","bisexual","superior","other","zygomorphic","bright"
"Turnera_ulmifolia",-0.4450450089199,-0.370013379293491,2.93553429315259,0.0384931216028799,0.410413406723782,1.16694034440302,-0.47161003525602,"woody","non-climbing","non-aquatic","monomorphic","long","mixed","biotic","biotic","short","bisexual","superior","nectar","actinomorphic","bright"
"Typha_latifolia",0.100943910538227,-1.24473486284382,-0.784439733353737,-1.61060131658324,-0.362165498623062,-0.738761058392809,-1.10102209763042,"herbaceous","non-climbing","non-aquatic","monomorphic","long","outcrossing","abiotic","abiotic","long","unisexual","superior","none","actinomorphic","dull"
"Urtica_dioica",-0.0443398065095567,-0.583033604709306,-0.784439733353737,-1.61060131658324,-0.289434727514521,-1.9200933889874,-1.04033590491663,"herbaceous","non-climbing","non-aquatic","dimorphic","long","outcrossing","abiotic","biotic","long","unisexual","superior","none","actinomorphic_other","dull"
"Vaccinium_uliginosum",-0.663157071549464,0.191107240668097,0.28123208862795,0.269884151329963,0.410413406723782,-0.663637791147085,-0.876778519790763,"woody","non-climbing","non-aquatic","monomorphic","long","mixed","biotic","biotic","long","bisexual","inferior","nectar","actinomorphic","bright_dull"
"Valeriana_officinalis",-0.534158809126048,-0.85766444015512,-0.784439733353737,0.0384931216028799,0.0927728961681152,-0.821049287316386,-0.441862283867846,"herbaceous","non-climbing","non-aquatic","monomorphic","long","outcrossing","biotic","abiotic","long","bisexual","inferior","nectar_pollen","other","bright"
"Vellozia_squamata",0.297951264261832,-0.195963182020604,1.48653902539638,0.0103819992291883,0.32729252545688,2.11545245185866,-0.249643072135801,"woody","non-climbing","non-aquatic","monomorphic","long","outcrossing","biotic","abiotic","long","bisexual","intermediate","nectar","actinomorphic","bright"
"Verbascum_thapsus",0.0328540784407074,-0.370013379293491,0.561305474274751,-0.570138569082411,0.410413406723782,0.127462820139255,-1.17770258801667,"herbaceous","non-climbing","non-aquatic","monomorphic","short","mixed","biotic","biotic","long","bisexual","superior","nectar_pollen","zygomorphic","bright"
"Veronica_anagallis-aquatica",-0.713457949063626,-1.24473486284382,0.325647216924859,-0.570138569082411,-0.0140968083179036,-0.628393186246577,-1.32700020448795,"herbaceous","non-climbing","non-aquatic","monomorphic","long","selfing","abiotic_biotic","abiotic","long","bisexual","superior","none","zygomorphic","bright"
"Viburnum_rufidulum",0.667956798104982,-0.370013379293491,-0.182760139528799,-0.403852209872215,0.291669290628207,-0.621513684292647,0.780018043800496,"woody","non-climbing","non-aquatic","monomorphic","long","outcrossing","biotic","biotic","long","bisexual","inferior","pollen","actinomorphic","bright"
"Viola_pubescens",-1.11416315147397,-0.370013379293491,0.528893481370741,0.0384931216028799,0.410413406723782,0.602357936106019,-0.30508544411974,"herbaceous","non-climbing","non-aquatic","monomorphic","long","mixed","autonomous_biotic","autonomous_biotic","short","bisexual","superior","nectar","zygomorphic","bright"
"Vitex_negundo",-0.133453606715704,-0.583033604709306,-0.370129232592074,-0.570138569082411,0.410413406723783,-0.738761058392809,0.40132324418464,"woody","non-climbing","non-aquatic","monomorphic","long","outcrossing","biotic","biotic","long","bisexual","inferior","nectar","zygomorphic","bright"
"Vitis_labrusca",1.23496968567174,-0.370013379293491,-0.251112825334041,-0.175585867862861,0.321355319652101,-1.61214989860273,0.664614249055779,"woody","climbing","non-aquatic","monomorphic","long","outcrossing","biotic","biotic","long","bisexual","superior","nectar","actinomorphic","dull"
"Viviania_marifolia",0.43355928085105,0.291687878841025,-0.370129232592074,0.0384931216028799,0.410413406723782,-0.530548267484526,-0.374765185864887,"herbaceous","non-climbing","non-aquatic","monomorphic","long","outcrossing","biotic","abiotic_biotic","long","bisexual","superior","nectar","actinomorphic","bright"
"Vriesea_carinata",-1.06386227395981,-0.195963182020604,0.974109657770562,0.0384931216028799,0.410413406723783,0.974284243333207,-0.921831719953213,"herbaceous","non-climbing","non-aquatic","monomorphic","long","mixed","biotic","abiotic","long","bisexual","superior","nectar","actinomorphic_zygomorphic","bright"
"Warburgia_ugandensis",1.45719632373774,0.291687878841025,0.234528612152948,0.805278368522632,0.410413406723782,0.375839733116676,2.02693335117107,"woody","non-climbing","non-aquatic","monomorphic","long","outcrossing","biotic","biotic","long","bisexual","superior","other","actinomorphic","bright_dull"
"Wurmbea_biglandulosa",-1.40077577119764,-0.195963182020604,1.04940823367059,0.0384931216028799,0.232297232580418,0.203185443831913,-0.545434047908118,"herbaceous","non-climbing","non-aquatic","dimorphic_monomorphic","long","outcrossing","biotic","autonomous","short","bisexual_unisexual","superior","nectar","actinomorphic","bright"
"Xanthosoma_sagittifolium",0.0328540784407074,-0.370013379293491,1.34067608194502,0.561326006529976,0.410413406723782,-0.00704028210820022,-0.335808753259831,"herbaceous","non-climbing","non-aquatic","monomorphic","long","outcrossing","biotic","autonomous_biotic","long_short","unisexual","superior","other","actinomorphic","bright"
"Ximenia_americana",0.562557543274467,-0.00439628918441568,-0.784439733353737,0.470324178418419,0.232297232580418,-0.0651932809305539,1.47242005209885,"woody","non-climbing","non-aquatic","monomorphic","long","outcrossing","biotic","abiotic_biotic","long","bisexual","superior","nectar_other","actinomorphic","bright_dull"
"Zea_mays",0.313523917474677,-0.85766444015512,-0.784439733353737,-1.61060131658324,-0.207798147698813,-0.476756781356612,1.16779768007084,"herbaceous","non-climbing","non-aquatic","monomorphic","short","outcrossing","abiotic","biotic","long","unisexual","superior","none","actinomorphic","dull"
"Zelkova_serrata",1.59836546534908,-0.0488058370226956,-0.784439733353737,-0.570138569082411,-0.12170866352952,-0.313570193907975,0.357365089445885,"woody","non-climbing","non-aquatic","monomorphic","long","outcrossing","abiotic","abiotic","long","bisexual_unisexual","superior","none","actinomorphic","dull"
"Zostera_marina",-0.574043271343317,-1.90643612097834,-0.784439733353737,-0.570138569082411,-0.882907924417206,-0.663637791147085,-0.134444969943238,"herbaceous","non-climbing","aquatic","monomorphic","long","mixed","abiotic","abiotic","long","unisexual","superior","none","actinomorphic","dull"
