"","Maximum.vertical.height","Number.of.fertile.stamens","Number.of.ovules.per.carpel","Number.of.carpels","Fusion.of.ovaries","Flower.size","seedMass","Woodiness_herbaceous","Woodiness_woody","Climbing_climbing","Climbing_non.climbing","Aquatic_aquatic","Aquatic_non.aquatic","SexualSystem_dimorphic","SexualSystem_monomorphic","Lifespan_long","Lifespan_short","Mating_mixed","Mating_outcrossing","Mating_selfing","Pollination_abiotic","Pollination_autonomous","Pollination_biotic","DispersalMode_abiotic","DispersalMode_autonomous","DispersalMode_biotic","DispersalDist_long","DispersalDist_short","FlowerSex_bisexual","FlowerSex_unisexual","OvaryPosition_inferior","OvaryPosition_intermediate","OvaryPosition_superior","FloralReward_nectar","FloralReward_none","FloralReward_other","FloralReward_pollen","FlowerSymmetry_actinomorphic","FlowerSymmetry_other","FlowerSymmetry_zygomorphic","Showiness_bright","Showiness_dull"
"Abolboda_pulchella",-1.06386227395981,-0.85766444015512,0.626698666773955,-0.03565557887197,0.351041348675995,-0.663637791147085,-0.640286111056382,"1","0","0","1","0","1","0","1","1","0","0","1","0","0","0","1","1","0","0","1","0","1","0","0","0","1","1","0","0","0","0","0","1","1","0"
"Achatocarpus_praecox",0.667956798104982,0.740368911559725,-0.784439733353737,-0.570138569082411,0.410413406723782,-0.594531084327043,0.488778176285658,"0","1","0","1","0","1","1","0","1","0","0","1","0","0","0","1","0","0","1","1","0","0","1","0","0","1","1","0","0","0","1","0","0","1","1"
"Acorus_calamus",-0.0443398065095567,-0.195963182020604,0.114582980609079,0.0384931216028799,0.410413406723782,-1.12899277770106,-0.120773856637053,"1","0","0","1","0","1","0","1","1","0","0","1","0","0","0","1","1","0","0","1","0","1","0","0","0","1","0","0","1","0","0","0","1","1","1"
"Actinidia_chinensis",0.562557543274467,2.90818455233488,0.834226065733858,3.44394693691401,0.410413406723782,1.19246061401695,-0.367365618947187,"0","1","1","0","0","1","1","0","1","0","0","1","0","1","0","1","0","0","1","1","0","0","1","0","0","1","0","1","0","1","1","0","0","1","0"
"Aerva_javanica",-0.367851123969636,-0.370013379293491,-0.784439733353737,-0.235184378978198,0.410413406723782,-1.61214989860273,-0.866522475138911,"1","1","0","1","0","1","1","0","1","0","0","1","0","0","0","1","1","0","0","1","0","0","1","0","0","1","1","0","0","0","1","0","0","1","0"
"Aextoxicon_punctatum",0.834264483261393,-0.279027124630229,-0.370129232592074,-1.61060131658324,-0.153621144730206,-0.415260878169663,1.18591529627324,"0","1","0","1","0","1","1","0","1","0","0","1","0","0","0","1","0","0","1","1","0","0","1","0","0","1","1","0","0","0","1","0","0","1","0"
"Agalinis_neoscotica",-0.897554588803396,-0.583033604709306,-0.241216777485727,-0.570138569082411,0.306512305140153,-0.101938099809115,-0.260098454152986,"1","0","0","1","0","1","0","1","0","1","1","0","0","0","0","1","1","0","0","1","0","1","0","0","0","1","1","0","0","0","0","0","1","1","0"
"Ailanthus_altissima",1.59836546534908,0.291687878841025,-0.784439733353737,0.805278368522632,0.0541810584370528,-0.415260878169663,0.481926844235318,"0","1","0","1","0","1","1","0","1","0","0","1","0","0","0","1","1","0","0","1","0","0","1","0","0","1","1","0","0","0","1","0","0","1","1"
"Ainsliaea_cordifolia",-0.934864011536391,-0.370013379293491,-0.784439733353737,-0.570138569082411,0.410413406723782,0.127462820139255,-0.226335282284645,"1","0","0","1","0","1","0","1","1","0","0","1","0","0","0","1","1","0","0","1","0","1","0","1","0","0","1","0","0","0","1","0","0","1","0"
"Ajuga_reptans",-1.11416315147397,-0.583033604709306,0.0304175369691339,-0.570138569082411,0.410413406723782,-0.0162440561055187,-0.412723422870071,"1","0","0","1","0","1","1","1","1","0","0","1","0","0","0","1","0","0","1","0","1","1","1","0","0","1","1","0","0","1","0","0","1","1","0"
"Akebia_quinata",0.933610327718899,-0.195963182020604,2.21053575822088,1.07895586910371,-2.55818949566563,-0.140316548176278,0.378039068948995,"0","1","1","0","0","1","0","1","1","0","0","1","0","0","0","1","0","1","0","0","1","0","1","0","0","1","0","1","0","1","1","0","0","1","0"
"Albizia_julibrissin",1.23496968567174,1.16640936239136,0.834226065733858,-1.61060131658324,-0.28127106953295,-0.415260878169663,0.55352901680621,"0","1","0","1","0","1","0","1","1","0","0","1","0","0","0","1","1","1","0","1","1","1","1","0","0","1","1","0","0","1","1","0","0","1","1"
"Alepis_flavida",-0.367851123969636,-0.279027124630229,0.111696801633932,-0.326169540814393,0.232297232580418,0.183183632046868,0.0130517256388489,"0","1","0","1","0","1","0","1","1","0","1","0","0","0","0","1","0","0","1","1","0","1","0","1","0","0","1","0","0","0","1","0","0","1","0"
"Allanblackia_floribunda",1.59836546534908,3.07708846693627,0.943203982132403,0.805278368522632,-0.14966300752702,1.16694034440302,0.584269557959045,"0","1","0","1","0","1","1","0","1","0","0","1","0","0","0","1","0","0","1","1","0","0","1","0","0","1","1","0","0","0","1","0","0","1","0"
"Allium_sativum",-1.06386227395981,-0.195963182020604,-0.370129232592074,0.0384931216028799,0.0779298816561681,-0.169828672355937,-0.355618613169573,"1","0","0","1","0","1","0","1","1","0","0","0","1","0","1","0","0","1","0","0","1","1","1","0","0","1","1","0","0","0","1","0","1","1","0"
"Allium_schoenoprasum",-0.97474847375366,-0.195963182020604,-0.370129232592074,0.0384931216028799,0.164019365825461,-0.188742675180321,-0.507669686387111,"1","0","0","1","0","1","0","1","1","0","0","1","0","0","0","1","0","1","0","0","1","1","0","0","0","1","1","0","0","0","1","0","0","1","0"
"Allocasuarina_verticillata",0.75707059831113,-1.90643612097834,-0.784439733353737,-1.00196962589795,0.410413406723782,-0.313570193907975,-0.0995638175124811,"0","1","0","1","0","1","1","0","1","0","0","1","0","1","0","0","1","0","0","1","0","0","1","0","0","1","0","1","0","0","1","0","0","1","0"
"Alluaudia_procera",1.19766026293874,0.0786676534252094,-0.784439733353737,0.0384931216028799,0.410413406723782,-1.61214989860273,-0.271647041784808,"0","1","0","1","0","1","1","0","1","0","0","1","0","0","0","1","1","0","0","1","0","0","1","0","0","1","1","0","0","0","0","1","0","1","1"
"Alnus_alnobetula",0.96326274568481,-0.583033604709306,-0.54208362675316,-0.235184378978198,0.410413406723782,-0.981792486440115,-0.70152888426459,"0","1","0","1","0","1","0","1","1","0","0","1","0","1","0","0","1","0","0","1","0","0","1","1","0","0","0","1","0","0","1","0","0","0","1"
"Aloe_thraskii",0.216950718180477,-0.195963182020604,0.152727212910165,-0.267371538703044,0.143239145508735,0.51507428576064,0.0318115119757244,"0","1","0","1","0","1","0","1","1","0","1","0","0","0","0","1","1","0","0","1","0","1","0","0","0","1","1","0","0","0","0","0","1","1","0"
"Alphitonia_excelsa",1.3921733179754,-0.370013379293491,-0.784439733353737,0.0384931216028799,0.172925174532629,-0.222604777099855,0.399474280971767,"0","1","0","1","0","1","0","1","1","0","0","1","0","0","0","1","0","0","1","1","0","1","0","1","0","0","1","0","0","0","1","0","0","1","1"
"Alseuosmia_macrophylla",0.132199922898212,-0.370013379293491,1.571537147645,-0.570138569082411,-0.0200340141226826,0.918563431425594,-0.0923469747530817,"0","1","0","1","0","1","0","1","1","0","0","1","0","0","0","1","0","0","1","1","0","1","0","1","0","0","1","0","0","0","1","0","0","1","0"
"Alstroemeria_aurea",-0.534158809126048,-0.195963182020604,1.04940823367059,0.0384931216028799,0.0393380439251057,1.16694034440302,0.354443161214395,"1","0","0","1","0","1","0","1","1","0","0","1","0","0","0","1","0","1","0","0","1","1","0","1","0","0","1","0","0","0","0","0","1","1","0"
"Alyssum_simplex",-1.46456747637015,-0.195963182020604,-0.370129232592074,-0.570138569082411,0.410413406723782,-1.41949379753292,-0.55919034136209,"1","0","0","1","0","1","0","1","0","1","0","0","1","0","0","1","1","0","0","1","0","1","0","0","0","1","1","0","0","0","1","0","0","1","0"
"Amborella_trichopoda",0.834264483261393,0.769744556192987,-0.784439733353737,0.805278368522632,-2.55818949566563,-1.01370538838619,-0.124728819310252,"0","1","0","1","0","1","1","0","1","0","0","1","0","1","0","1","0","1","1","1","1","0","1","0","0","1","0","1","1","0","1","0","0","1","0"
"Amsonia_tabernaemontana",-0.616884749769426,-0.370013379293491,-0.0356455533697088,-0.570138569082411,-2.55818949566563,0.331554491398817,0.790980235767252,"1","0","0","1","0","1","0","1","1","0","0","1","0","0","0","1","1","0","0","1","0","1","0","0","0","1","1","0","0","0","1","0","0","1","0"
"Anarthria_polyphylla",-1.69896499362408,-0.85766444015512,-0.784439733353737,0.0384931216028799,0.410413406723782,-0.821049287316386,-0.4344236186454,"1","0","0","1","0","1","1","0","1","0","0","1","0","1","0","0","1","0","0","1","0","0","1","0","0","1","0","1","0","0","1","0","0","0","1"
"Angelonia_pubescens",-0.574043271343317,-0.583033604709306,-0.160331062283662,-0.570138569082411,0.410413406723782,0.0678962427320051,-0.0774119444791956,"1","0","0","1","0","1","0","1","0","1","0","0","1","0","0","1","0","0","1","1","0","1","0","0","0","1","0","0","1","0","0","0","1","1","0"
"Anigozanthos_humilis",-0.713457949063626,-0.195963182020604,1.56570565061162,0.0384931216028799,0.321355319652101,0.918563431425594,-0.69585361309568,"1","0","0","1","0","1","0","1","1","0","0","1","0","0","0","1","1","0","0","1","0","1","0","0","0","1","1","0","0","0","0","0","1","1","0"
"Annona_crassiflora",0.75707059831113,0.839169028221106,-0.0267119757013289,0.0356726584701825,-0.0883118808776392,0.795014037175827,2.03473025526452,"0","1","0","1","0","1","0","1","1","0","0","1","0","0","0","1","0","0","1","1","0","1","0","0","0","1","0","0","1","0","1","0","0","1","1"
"Antirrhinum_majus",-0.768556326379979,-0.583033604709306,0.950501097620317,-0.570138569082411,0.410413406723782,0.883318826525087,-1.12441596222058,"1","0","0","1","0","1","0","1","1","0","0","1","0","0","0","1","0","1","0","0","1","1","0","0","0","1","0","0","0","1","0","0","1","1","0"
"Apium_graveolens",-0.367851123969636,-0.370013379293491,-0.784439733353737,-0.570138569082411,0.410413406723782,-1.86052681158015,-0.820033069228012,"1","0","0","1","0","1","0","1","0","1","1","0","0","0","0","1","1","0","0","1","0","1","0","1","0","0","1","0","0","0","1","0","0","1","0"
"Aquilegia_canadensis",-0.740350956499728,1.61509039511006,1.79622525745921,0.805278368522632,-2.55818949566563,0.725907330355786,-0.461353990604168,"1","0","0","1","0","1","0","1","1","0","1","0","0","0","0","1","0","1","0","0","1","1","0","0","0","1","1","0","0","1","1","0","0","1","0"
"Arabidopsis_thaliana",-1.375453676164,-0.195963182020604,1.61083830463997,-0.570138569082411,0.410413406723782,-1.41949379753292,-1.64808863171875,"1","0","0","1","0","1","0","1","0","1","0","0","1","0","1","1","1","1","0","1","1","1","0","0","0","1","1","0","0","0","1","1","0","1","0"
"Aralidium_pinnatifidum",0.96326274568481,-0.370013379293491,-1.1987502341154,0.0384931216028799,0.410413406723782,-1.41949379753292,0.683133500810676,"0","1","0","1","0","1","1","0","1","0","0","1","0","0","0","1","1","0","0","1","0","0","1","1","0","0","1","0","0","0","1","0","0","1","0"
"Arctostaphylos_uva-ursi",-1.67075962374383,0.291687878841025,-0.784439733353737,0.805278368522632,0.410413406723782,-1.61214989860273,0.347878593360815,"0","1","0","1","0","1","0","1","1","0","0","1","0","0","1","1","0","0","1","1","0","1","0","0","0","1","1","0","0","0","1","0","0","1","0"
"Arum_maculatum",-1.00876389664345,-0.710507095157211,-0.370129232592074,-1.61060131658324,-0.0408142344394086,-1.86052681158015,0.846221255497522,"1","0","0","1","0","1","0","1","1","0","1","0","0","0","0","1","0","0","1","1","0","0","1","0","0","1","0","1","0","0","1","0","0","0","1"
"Asparagus_officinalis",-0.0443398065095567,-0.195963182020604,-0.0210437173233482,0.0384931216028799,0.410413406723782,-0.821049287316386,0.400003750829762,"1","0","0","1","0","1","1","0","1","0","0","1","0","0","0","1","0","0","1","1","0","0","1","0","0","1","1","0","0","1","1","0","0","1","1"
"Astelia_alpina",-1.06386227395981,-0.195963182020604,0.700847875531827,0.0384931216028799,0.410413406723782,-1.01370538838619,-0.463884459066725,"1","0","0","1","0","1","1","0","1","0","0","1","0","0","0","1","0","0","1","1","0","0","1","0","0","1","1","0","0","0","1","0","0","0","1"
"Audouinia_capitata",-0.897554588803396,-0.370013379293491,-0.370129232592074,0.0384931216028799,0.279794879018649,-0.222604777099855,0.291099696190129,"0","1","0","1","0","1","0","1","1","0","0","1","0","0","0","1","1","0","0","1","0","1","0","0","1","0","1","0","0","0","1","0","0","1","0"
"Avicennia_marina",0.447833966810347,-0.583033604709306,-0.370129232592074,-0.570138569082411,0.410413406723782,-0.670862711360129,1.87184807464978,"0","1","0","1","0","1","0","1","1","0","1","0","0","0","0","1","1","0","0","1","0","1","0","0","0","1","1","0","0","0","1","0","0","1","0"
"Azima_tetracantha",-0.428759554295533,-0.583033604709306,-0.784439733353737,-0.570138569082411,0.410413406723782,0.858996854018345,0.532704722596073,"0","1","0","1","0","1","1","0","1","0","0","1","0","0","0","1","0","0","1","1","0","0","1","0","0","1","1","0","0","0","1","0","0","1","1"
"Bagassa_guianensis",1.7273637277725,-1.24473486284382,-0.381178904607267,-0.655148741584076,0.122458925192009,-2.21059440881926,0.63374042164859,"0","1","0","1","0","1","1","0","1","0","0","1","0","1","0","1","0","0","1","1","0","0","1","0","0","1","0","1","0","0","1","0","0","0","1"
"Balanophora_laxiflora",-0.720832223288682,-0.370013379293491,-0.17967202867448,-0.0920444308623337,0.380727377699889,0.127462820139255,-0.00978426644785124,"1","0","0","1","0","1","1","0","1","0","0","1","0","0","0","1","1","0","0","1","0","0","1","1","0","0","1","0","0","0","0","0","1","1","0"
"Balanops_pancheri",0.43355928085105,-0.370013379293491,-0.370129232592074,-0.570138569082411,0.410413406723782,-1.19171880498539,0.608685830897427,"0","1","0","1","0","1","1","0","1","0","0","1","0","1","0","0","0","0","1","1","0","0","1","0","0","1","0","1","0","0","1","0","0","0","1"
"Bdallophytum_americanum",-1.4094690990538,0.191107240668097,0.00606346928715657,1.76874626773781,-0.387870901027843,-0.357855435625835,-0.179281029366411,"1","0","0","1","0","1","1","0","1","0","0","1","0","0","0","1","0","0","1","1","1","0","1","1","0","0","1","0","0","0","1","0","0","1","0"
"Begonia_heracleifolia",-0.833002149825208,1.06582872421843,1.16178750884942,0.0384931216028799,-0.0348770286346296,-0.0651932809305539,-1.94668386466132,"1","0","0","1","0","1","0","1","1","1","1","0","0","0","0","1","0","1","0","0","1","1","0","1","0","0","1","0","0","0","0","0","1","1","0"
"Bergeranthus_multiceps",-1.8279632560475,3.06410006081482,0.552695401060535,0.633470588862466,-0.212993202777994,0.375839733116676,-0.270657975859857,"1","0","0","1","0","1","0","1","1","0","0","1","0","0","0","1","1","0","0","1","0","1","0","0","0","1","1","0","0","1","1","0","0","1","0"
"Berteroa_incana",-0.574043271343317,-0.195963182020604,0.139484543197466,-0.570138569082411,0.410413406723782,-1.26208230136362,-0.713221134664891,"1","0","0","1","0","1","0","1","1","1","0","1","0","0","0","1","1","0","0","1","0","1","0","0","0","1","1","0","0","0","1","0","0","1","0"
"Bertholletia_excelsa",1.89367141292891,2.61489579808924,0.528893481370741,0.470324178418419,0.410413406723782,0.568495834186485,2.06124508994945,"0","1","0","1","0","1","0","1","1","0","0","1","0","0","0","1","0","0","1","1","0","1","0","1","0","0","1","0","0","1","0","0","1","1","0"
"Beta_vulgaris",0.0328540784407074,-0.370013379293491,-0.784439733353737,-0.235184378978198,0.410413406723782,-0.821049287316386,0.314598216053621,"1","0","0","1","0","1","1","1","1","1","0","1","0","1","0","0","1","1","0","1","1","1","1","0","1","0","0","1","0","0","1","0","0","0","1"
"Bixa_orellana",0.96326274568481,3.87108866702479,1.51263047610611,-0.570138569082411,0.410413406723782,1.0759749275949,0.436973547434525,"0","1","0","1","0","1","0","1","1","0","1","1","0","0","0","1","0","0","1","0","1","1","0","0","0","1","0","0","0","1","1","0","0","1","0"
"Borago_officinalis",-0.768556326379979,-0.370013379293491,-0.370129232592074,-0.570138569082411,0.410413406723782,0.568495834186485,0.30742565286126,"1","0","0","1","0","1","0","1","0","1","0","0","1","0","0","1","0","0","1","0","1","1","0","0","0","1","1","0","0","0","1","0","0","1","0"
"Brasenia_schreberi",-0.133453606715704,1.22203479216604,-0.54208362675316,2.06852999930897,-2.55818949566563,0.375839733116676,0.054660582740791,"1","0","0","1","1","1","0","1","1","0","1","0","0","1","0","0","1","0","0","1","0","1","0","0","0","1","0","1","0","0","1","0","0","1","1"
"Bretschneidera_sinensis",1.36396794809515,0.0786676534252094,-0.370129232592074,0.0384931216028799,0.410413406723782,0.858996854018345,0.684243295682444,"0","1","0","1","0","1","0","1","1","0","0","1","0","0","0","1","0","1","0","0","1","1","0","0","0","1","1","0","0","0","0","0","1","1","0"
"Bruguiera_gymnorhiza",1.68747926555523,1.0443753916388,-0.0647966482289581,0.0384931216028799,0.410413406723782,0.795014037175827,2.42259428139284,"0","1","0","1","0","1","0","1","1","0","1","0","0","0","0","1","1","0","0","1","0","1","0","1","0","0","1","0","0","0","1","0","0","1","1"
"Buddleja_davidii",0.562557543274467,-0.583033604709306,0.333126028350271,-0.184759936331038,0.37479017189511,-0.594531084327043,-1.17770258801667,"0","1","0","1","0","1","0","1","1","0","0","1","0","0","0","1","1","0","0","1","0","1","0","0","0","1","1","0","0","0","1","0","0","1","0"
"Bursera_simaruba",1.19766026293874,0.291687878841025,-0.370129232592074,0.0384931216028799,0.297606496432985,-0.663637791147085,0.88796832748689,"0","1","0","1","0","1","1","1","1","0","0","1","0","0","0","1","0","0","1","1","0","1","1","0","0","1","1","0","0","0","1","0","0","0","1"
"Butomus_umbellatus",-0.496849386393052,0.191107240668097,1.55386915085864,1.07895586910371,-1.00561017771597,0.477530417378364,-1.00591177725716,"1","0","0","1","1","0","0","1","1","0","0","1","0","0","0","1","1","1","1","1","1","1","0","0","0","1","1","0","0","0","1","0","0","1","0"
"Buxus_balearica",0.667956798104982,-0.583033604709306,-0.370129232592074,0.0384931216028799,0.0838670874609469,-0.663637791147085,0.0822029542342432,"0","1","0","1","0","1","0","1","1","0","0","1","0","1","0","1","0","1","1","0","1","0","1","0","0","1","1","1","0","0","1","0","0","1","1"
"Byrsonima_crassifolia",1.09226100810823,0.291687878841025,-0.784439733353737,0.0384931216028799,0.410413406723782,-0.0651932809305539,-0.189548465166726,"0","1","0","1","0","1","0","1","1","0","0","0","1","0","0","1","0","0","1","1","0","1","0","0","0","1","0","0","1","0","0","0","1","1","0"
"Cabomba_caroliniana",0.96326274568481,-0.195963182020604,-0.127773125991498,0.0384931216028799,-2.55818949566563,0.568495834186485,-0.466437027970268,"1","0","0","1","1","0","0","1","1","0","0","1","0","0","0","1","0","0","1","1","0","1","0","0","0","1","1","0","0","1","1","0","0","1","0"
"Calceolaria_purpurea",-0.663157071549464,-1.24473486284382,0.813937315582866,-0.201893966643056,0.113553116484841,-0.0162440561055187,-1.85067287398612,"1","0","0","1","0","1","0","1","1","0","0","1","0","0","0","1","1","0","0","1","0","1","0","0","0","1","0","0","1","0","0","0","1","1","0"
"Camellia_sinensis",0.562557543274467,2.48981187866039,0.0441812681695879,0.0384931216028799,0.410413406723782,0.650784063110062,1.61359985503373,"0","1","0","1","0","1","0","1","1","0","0","1","0","0","0","1","0","0","1","1","0","1","0","0","0","1","1","0","0","0","1","0","0","1","0"
"Canacomyrica_monticola",0.75707059831113,-0.195963182020604,-0.784439733353737,-1.61060131658324,0.143239145508735,-0.826409479705133,0.887676211956529,"0","1","0","1","0","1","1","0","1","0","0","1","0","1","0","0","0","0","1","1","0","0","1","1","0","0","0","1","0","0","1","0","0","0","1"
"Canna_indica",0.161852340864124,-2.56813737911285,0.643004448531363,0.0384931216028799,0.410413406723782,1.32435184057232,0.96957854977374,"1","0","0","1","0","1","0","1","1","0","0","0","1","0","0","1","0","1","0","0","1","1","0","1","0","0","1","0","0","0","0","1","0","1","0"
"Cannabis_sativa",-0.133453606715704,-0.370013379293491,-1.1987502341154,-0.570138569082411,0.410413406723782,-0.821049287316386,0.344060131446707,"1","0","0","1","0","1","1","1","0","1","0","1","0","1","0","0","0","1","1","1","1","0","1","0","0","1","0","1","0","0","1","0","0","1","1"
"Capparis_zeylanica",0.356365395900786,1.55347978508006,0.822079829022674,0.470324178418419,0.11652171938723,1.67441943781143,0.191691089921852,"0","1","0","1","0","1","0","1","1","0","0","1","0","0","0","1","0","0","1","1","0","1","0","0","0","1","1","0","0","0","1","0","0","1","0"
"Cardiocrinum_cordatum",-0.194362037041601,-0.195963182020604,2.64924653278602,0.0384931216028799,0.00668341199882202,2.11545245185866,-0.134444969943238,"1","0","0","1","0","1","0","1","1","0","1","0","0","0","0","1","1","0","0","1","0","1","0","0","0","1","1","0","0","0","0","0","1","1","1"
"Carex_laxiflora",-0.829464756705876,-1.24473486284382,-0.784439733353737,0.0384931216028799,-0.100186292487197,-1.19964260008316,-0.296715021191071,"1","0","0","1","0","1","0","1","1","0","0","0","1","1","0","0","1","0","0","1","0","0","1","0","0","1","0","1","0","0","1","0","0","0","1"
"Carica_papaya",0.667956798104982,0.291687878841025,0.0431706926929791,0.805278368522632,0.410413406723782,0.974284243333207,0.406800970714951,"0","1","0","1","0","1","1","0","1","0","0","1","1","0","1","1","0","0","1","1","0","0","1","0","0","1","1","1","0","1","1","0","0","1","0"
"Caryocar_brasiliense",0.96326274568481,3.5385835594836,0.888975098487336,0.269884151329963,-0.0645630576585239,1.32435184057232,0.227021972552402,"0","1","0","1","0","1","0","1","1","0","0","1","0","0","0","1","0","0","1","1","0","1","0","0","1","0","1","0","0","0","1","0","0","1","0"
"Catalpa_speciosa",1.59836546534908,-1.24473486284382,0.50128110147679,-0.570138569082411,0.410413406723782,1.24922857332659,0.353204082382634,"0","1","0","1","0","1","0","1","1","0","0","1","0","0","0","1","1","0","0","1","0","1","0","0","0","1","1","0","0","0","0","0","1","1","0"
"Catharanthus_roseus",-0.4450450089199,-0.370013379293491,0.539950398452194,-0.570138569082411,0.261983261604312,1.07405418614167,-0.400195764493,"0","1","0","1","0","1","0","1","1","0","1","0","0","0","0","1","0","1","1","0","1","1","0","0","0","1","1","0","0","0","1","0","0","1","0"
"Caulophyllum_thalictroides",-0.713457949063626,-0.195963182020604,-0.299727520152584,-1.61060131658324,-0.00519099961073553,-0.313570193907975,1.04178359284857,"1","0","0","1","0","1","0","1","1","0","1","0","0","0","0","1","0","0","1","1","0","1","0","0","0","1","1","0","0","0","1","0","0","1","0"
"Centroplacus_glaucinus",1.36396794809515,-0.370013379293491,-0.370129232592074,0.0384931216028799,0.410413406723782,-1.61214989860273,0.423342439392922,"0","1","0","1","0","1","1","0","1","0","0","1","0","0","0","1","1","0","0","1","0","0","1","0","0","1","1","0","0","0","1","0","0","1","0"
"Ceratophyllum_demersum",0.267251595694639,-1.90643612097834,-0.784439733353737,-1.61060131658324,-1.03232760383747,-2.01793830774945,0.0686950020460069,"1","0","0","1","1","0","0","1","1","0","1","0","0","1","0","0","0","0","1","1","0","0","1","0","0","1","0","1","0","1","1","0","0","0","1"
"Cercidiphyllum_japonicum",1.59836546534908,0.291687878841025,1.02093981977457,-1.61060131658324,-2.55818949566563,-0.313570193907975,-0.67946049714662,"0","1","0","1","0","1","1","0","1","0","0","1","0","1","0","0","1","0","0","1","0","0","1","0","0","1","0","1","0","0","1","0","0","0","1"
"Chimaphila_umbellata",-1.11416315147397,0.291687878841025,1.17174176737743,0.805278368522632,0.410413406723782,0.0678962427320051,-2.3210589176882,"0","1","0","1","0","1","0","1","1","0","0","1","0","0","0","1","0","1","0","0","1","1","0","0","0","1","1","0","0","1","1","0","0","1","0"
"Chimonanthus_praecox",0.834264483261393,-0.0488058370226956,-0.370129232592074,1.687587559789,-2.55818949566563,0.650784063110062,0.86799958990149,"0","1","0","1","0","1","0","1","1","0","0","1","0","0","0","1","0","1","0","0","1","1","0","0","0","1","1","0","0","1","1","0","0","1","0"
"Chloranthus_spicatus",-0.663157071549464,-1.09757751784591,-0.784439733353737,-1.61060131658324,-0.812650989060656,-0.821049287316386,-0.276961138757916,"0","1","0","1","0","1","0","1","1","0","0","1","0","0","0","1","0","0","1","1","0","1","0","0","0","1","0","0","1","0","1","0","0","0","1"
"Chorispora_tenella",-1.05430676039816,-0.195963182020604,0.857669215706189,-0.570138569082411,0.410413406723782,1.58876710193746,-0.451445676251136,"1","0","0","1","0","1","0","1","0","1","0","0","1","0","0","1","1","0","0","1","0","1","0","0","0","1","1","0","0","0","1","0","0","1","0"
"Cinnamomum_camphora",1.43205778019267,0.191107240668097,-0.784439733353737,-1.61060131658324,-0.159558350534984,-1.26208230136362,0.864350226447799,"0","1","0","1","0","1","0","1","1","0","0","1","0","0","0","1","0","0","1","1","0","1","0","0","0","1","0","0","1","0","1","0","0","1","1"
"Cirsium_pitcheri",-0.713457949063626,-0.370013379293491,-1.1987502341154,-0.570138569082411,0.202611203556524,0.568495834186485,-0.0868163380416336,"1","0","0","1","0","1","0","1","1","1","1","0","0","0","0","1","1","0","0","1","0","1","0","1","0","0","1","0","0","0","0","0","1","1","0"
"Clarkia_xantiana",-0.829464756705876,0.0786676534252094,2.93017884334565,0.470324178418419,0.410413406723782,0.858996854018345,-0.960858577094712,"1","0","0","1","0","1","0","1","0","1","1","0","0","0","0","1","0","1","0","0","1","1","0","1","0","0","1","0","0","1","0","0","1","1","0"
"Claytonia_virginica",-1.23016995911622,-0.370013379293491,-0.370129232592074,0.0384931216028799,0.410413406723782,-0.362919220975458,-0.446614702101765,"1","0","0","1","0","1","0","1","1","0","0","1","0","0","0","1","0","1","1","0","1","1","0","0","0","1","1","0","0","0","1","0","0","1","0"
"Cleistesiopsis_bifaria",-1.03565690407956,-1.24473486284382,1.0170856401489,0.0384931216028799,0.380727377699889,1.51700794164213,-0.822987186724698,"1","0","0","1","0","1","0","1","1","0","0","1","0","0","0","1","1","0","0","1","0","1","0","1","0","0","0","0","0","1","0","0","1","1","1"
"Cleomella_arborea",-0.238852861546219,-0.195963182020604,0.561210741178656,-1.61060131658324,0.143239145508735,0.138898390329008,-0.508884669691446,"0","1","0","1","0","1","0","1","1","1","0","1","0","0","0","1","1","0","0","1","0","1","0","0","0","1","1","0","0","1","0","0","1","1","0"
"Clethra_alnifolia",0.0328540784407074,0.291687878841025,1.42049096065661,0.0384931216028799,0.410413406723782,-0.738761058392809,-1.05919840305325,"0","1","0","1","0","1","0","1","1","0","0","1","0","0","0","1","1","0","0","1","0","1","0","0","0","1","1","0","0","0","1","0","0","1","0"
"Clutia_pulchella",-0.468644016512802,-0.370013379293491,-0.784439733353737,0.0384931216028799,0.410413406723782,0.974284243333207,-0.175952186653341,"0","1","0","1","0","1","1","0","1","0","0","1","0","0","0","1","0","1","1","0","1","0","1","0","0","1","0","0","0","1","1","0","0","1","0"
"Cobaea_scandens",1.49296621051857,-0.370013379293491,1.16300180006931,0.0384931216028799,0.410413406723782,1.28760702169376,0.74641252953983,"0","1","1","0","0","1","0","1","1","0","0","1","0","0","0","1","1","0","0","1","0","1","0","0","0","1","1","0","0","0","1","0","0","1","0"
"Cochlospermum_vitifolium",1.06866200051532,3.024039646347,2.07715756801884,0.805278368522632,0.410413406723782,1.84767308354312,0.468535093133993,"0","1","0","1","0","1","0","1","1","0","0","1","0","0","0","1","1","0","0","1","0","1","0","0","0","1","0","0","0","1","1","0","0","1","0"
"Coffea_arabica",0.562557543274467,-0.370013379293491,-0.784439733353737,-0.570138569082411,0.16698796872785,0.725907330355786,1.02620540943136,"0","1","0","1","0","1","0","1","1","0","1","0","0","0","0","1","0","0","1","1","0","1","0","1","0","0","1","0","0","1","1","0","0","1","0"
"Combretum_leprosum",1.06866200051532,0.0786676534252094,0.0441812681695879,-0.570138569082411,0.351041348675995,-0.266890018817715,0.416619056676509,"0","1","1","1","0","1","0","1","1","0","0","1","0","0","0","1","1","0","0","1","0","1","0","1","0","0","1","0","1","0","1","0","0","1","0"
"Commelina_communis",-0.367851123969636,-0.85766444015512,-0.370129232592074,-0.570138569082411,0.306512305140154,-0.0299486760300464,-0.185120509178674,"1","0","0","1","0","1","0","1","0","1","0","1","0","0","0","1","0","1","0","0","1","1","1","0","0","1","0","0","0","1","0","0","1","1","0"
"Cordyline_australis",1.06866200051532,-0.195963182020604,-0.20506532970473,0.0384931216028799,0.410413406723782,-0.738761058392809,-0.106214940278066,"0","1","0","1","0","1","0","1","1","0","0","1","0","0","0","1","0","0","1","1","0","1","0","0","0","1","1","0","1","0","1","0","0","1","0"
"Coriaria_myrtifolia",0.267251595694639,0.291687878841025,-0.784439733353737,0.805278368522632,-0.287208275337729,-0.530548267484526,0.165300599582337,"0","1","0","1","0","1","0","1","1","0","0","1","0","1","0","0","0","0","1","1","0","1","1","0","0","1","0","1","0","0","1","0","0","0","1"
"Coriaria_ruscifolia",0.0328540784407074,0.291687878841025,-0.784439733353737,1.41391005920792,-0.910614884839507,-1.41949379753292,-0.690286448930658,"0","1","0","1","0","1","0","1","1","0","0","1","0","1","0","0","1","0","0","1","0","1","0","0","0","1","0","1","0","0","1","0","0","1","1"
"Cornus_florida",1.36396794809515,-0.583033604709306,-0.501161477470603,-0.377595230443525,0.208548409361302,0.127462820139255,0.846623194848055,"0","1","0","1","0","1","0","1","1","0","0","1","0","0","0","1","0","0","1","1","0","1","0","1","0","0","1","0","1","0","1","0","0","1","1"
"Corokia_cotoneaster",0.267251595694639,-0.370013379293491,-0.784439733353737,-0.570138569082411,0.217454218068471,-0.594531084327043,0.451188918810935,"0","1","0","1","0","1","0","1","1","0","0","1","0","0","0","1","0","0","1","1","0","1","0","1","0","0","1","0","1","0","1","0","0","1","0"
"Corrigiola_litoralis",-1.46456747637015,-0.370013379293491,0.505236756319179,0.0384931216028799,-1.07388804447092,-1.61214989860273,-0.738109975822456,"1","0","0","1","0","1","0","1","0","1","0","0","1","0","0","1","1","1","0","1","1","1","0","0","1","0","1","0","0","0","1","0","0","1","0"
"Costus_woodsonii",1.06866200051532,-1.90643612097834,0.528893481370741,0.0384931216028799,0.306512305140153,0.725907330355786,0.161257137697054,"1","0","0","1","0","1","0","1","1","0","0","1","0","0","0","1","0","0","1","1","0","1","0","1","0","0","1","0","0","1","0","0","1","1","0"
"Cucurbita_pepo",-0.663157071549464,-1.03171463742801,-0.239482057574305,0.0384931216028799,0.410413406723782,-0.222604777099855,0.949299796491351,"1","0","1","0","0","1","0","1","0","1","0","1","0","0","0","1","1","0","0","1","0","0","1","1","0","0","1","0","0","0","1","0","0","1","0"
"Cupaniopsis_anacardioides",0.43355928085105,0.0786676534252094,-0.784439733353737,0.0384931216028799,0.410413406723782,-0.415260878169663,1.01076609331803,"0","1","0","1","0","1","0","1","1","0","0","1","0","0","0","1","0","0","1","1","0","0","1","0","0","1","1","0","0","1","0","1","0","1","1"
"Curculigo_latifolia",-0.663157071549464,-0.195963182020604,-0.193264281599425,-0.234335136410567,0.247140247092365,0.00391342588948757,0.841208269891673,"1","1","0","1","0","1","0","1","1","0","0","1","0","0","0","1","1","0","0","1","0","1","1","1","0","0","1","0","0","0","1","0","0","1","0"
"Cuscuta_cuspidata",-0.768556326379979,-0.370013379293491,-0.370129232592074,-0.570138569082411,0.410413406723782,-1.72743728791759,-0.417075022602017,"1","0","1","0","0","1","0","1","0","1","1","0","0","1","0","0","1","0","0","1","0","1","0","0","0","1","0","1","0","0","1","0","0","1","0"
"Cuttsia_viburnea",1.19766026293874,-0.370013379293491,2.93077626838773,0.805278368522632,-0.0942490866824179,-0.222604777099855,-1.52958444675533,"0","1","0","1","0","1","0","1","1","0","0","1","0","0","0","1","1","1","0","1","1","1","0","0","0","1","1","0","0","1","1","0","0","1","0"
"Cyclanthus_bipartitus",0.0328540784407074,-0.195963182020604,-0.204007493872513,-0.107035260638038,0.0541810584370528,-0.93529275869175,0.075193410738803,"0","1","0","1","0","1","0","1","1","0","0","1","0","0","0","1","0","0","1","1","0","0","1","0","0","1","0","0","0","1","1","0","0","1","0"
"Cymodocea_nodosa",-0.663157071549464,-1.24473486284382,-0.784439733353737,-0.570138569082411,-2.55818949566563,-1.13793544384256,-0.315660308188223,"1","0","0","1","1","0","1","0","1","0","0","1","0","1","0","0","0","1","1","1","1","0","1","0","0","1","0","1","0","0","1","0","0","0","1"
"Cypripedium_calceolus",-0.829464756705876,-1.24473486284382,1.09578910529659,0.0384931216028799,0.410413406723782,1.5453177869531,-2.20255473272477,"1","0","0","1","0","1","0","1","1","0","0","1","0","0","0","1","1","0","0","1","0","1","0","1","0","0","0","0","0","1","0","0","1","1","1"
"Cyrilla_racemiflora",0.96326274568481,-0.370013379293491,-0.370129232592074,-0.570138569082411,0.410413406723782,-0.821049287316386,0.281529292599665,"0","1","0","1","0","1","0","1","1","0","0","1","0","0","0","1","1","0","0","1","0","1","0","0","0","1","1","0","0","0","1","0","0","1","0"
"Dalechampia_spathulata",0.161852340864124,0.95338913697554,-0.116773408946471,0.0384931216028799,-0.0615944547561344,-0.238768125921747,0.294900842893034,"0","1","0","1","0","1","0","1","1","0","0","1","0","0","0","1","0","1","0","0","1","0","1","0","0","1","0","0","1","0","0","0","1","1","0"
"Dalzellia_ceylanica",-3.03007886327853,-0.85766444015512,1.03971358198548,0.0384931216028799,0.410413406723782,-1.61214989860273,-1.30656225192229,"1","0","0","1","1","1","0","1","0","1","0","0","1","0","1","0","1","0","0","1","0","1","0","0","0","1","0","0","0","1","1","0","0","1","1"
"Daphniphyllum_macropodum",1.36396794809515,0.191107240668097,-0.370129232592074,-0.570138569082411,0.410413406723782,-0.948887724304876,0.589331582253694,"0","1","0","1","0","1","1","0","1","0","0","1","0","1","0","0","0","0","1","1","0","0","1","0","0","1","0","1","0","0","1","0","0","0","1"
"Datisca_glomerata",-0.133453606715704,0.0483592943810019,0.233855148716987,-0.189187259382947,-0.23377342309472,-0.594531084327043,-1.28194700432551,"1","0","0","1","0","1","1","0","1","0","1","0","0","1","0","0","1","0","0","1","0","1","1","1","0","0","0","1","0","0","1","0","0","0","1"
"Davidsonia_jerseyana",0.96326274568481,0.191107240668097,0.286537374770164,-0.570138569082411,0.149176351313514,-0.821049287316386,1.05284273783414,"0","1","0","1","0","1","0","1","1","0","0","0","1","0","0","1","0","0","1","1","0","1","0","0","0","1","1","0","0","0","1","0","0","1","0"
"Davilla_kunthii",-0.417602742748822,2.14931816279667,-0.370129232592074,-1.61060131658324,-0.563288345259944,0.284874316308556,-0.17409112803437,"1","0","1","0","0","1","0","1","1","0","0","1","0","0","0","1","0","0","1","1","0","1","0","1","0","1","0","0","0","1","1","0","0","1","0"
"Denhamia_celastroides",0.75707059831113,-0.370013379293491,0.0441812681695879,0.0384931216028799,0.410413406723782,0.568495834186485,0.456432624511311,"0","1","0","1","0","1","0","1","1","0","0","1","0","0","0","1","1","0","0","1","0","1","0","0","0","1","1","0","0","0","1","0","0","1","0"
"Diapensia_lapponica",-2.62937366086818,-0.370013379293491,1.83480146141827,0.0384931216028799,0.410413406723782,-0.140316548176278,-0.877391773038609,"0","1","0","1","0","1","0","1","1","0","1","0","0","0","0","1","0","1","0","0","1","1","0","0","0","1","1","0","0","0","1","0","0","1","0"
"Diospyros_australis",1.36396794809515,0.61289542111182,-0.370129232592074,0.470324178418419,-0.272365260825782,-1.80480599967253,0.918248252674638,"0","1","0","1","0","1","1","0","1","0","0","1","0","0","0","1","1","0","0","1","0","0","1","0","0","1","1","0","0","0","1","0","0","1","0"
"Dipterocarpus_tempehes",1.83276298260302,1.34045955966424,0.654832547406063,0.611985925105861,-0.123935115706312,1.2333864237642,0.248575754294216,"0","1","0","1","0","1","0","1","1","0","0","1","0","0","0","1","1","0","0","1","0","1","0","0","0","1","1","0","0","1","1","0","0","1","0"
"Discaria_americana",-0.367851123969636,-0.470594017466418,-0.784439733353737,0.269884151329963,-0.0348770286346296,-0.663637791147085,-0.246233824581894,"0","1","0","1","0","1","0","1","1","0","0","1","0","0","0","1","0","1","0","0","1","1","0","0","1","0","1","0","1","1","1","0","0","1","0"
"Drosophyllum_lusitanicum",-0.428759554295533,0.291687878841025,1.03818304546298,0.805278368522632,0.410413406723782,0.634941913547665,-0.120773856637053,"0","1","0","1","0","1","0","1","1","0","1","0","0","0","0","1","0","1","0","0","1","1","0","0","0","1","1","0","0","1","1","0","0","1","0"
"Dryas_octopetala",-0.768556326379979,2.96206529726757,-0.784439733353737,1.29813084189967,-2.55818949566563,0.725907330355786,-0.604831013645315,"0","1","0","1","0","1","0","1","1","0","1","0","0","0","0","1","1","0","0","1","0","1","0","0","0","1","1","0","0","1","1","0","0","1","0"
"Durio_zibethinus",1.49296621051857,2.00216081779876,0.286537374770164,0.805278368522632,0.410413406723782,1.24922857332659,2.36046729615338,"0","1","0","1","0","1","0","1","1","0","0","1","0","0","0","1","0","0","1","1","0","1","0","0","0","1","1","0","0","0","1","0","0","1","0"
"Eriocaulon_parkeri",-1.46456747637015,-0.583033604709306,-0.226489884088509,-0.570138569082411,0.143239145508735,-1.61214989860273,-0.221762720183733,"1","0","0","1","0","1","0","1","1","1","0","1","0","0","0","1","1","0","0","1","0","0","1","0","0","1","1","0","0","0","1","0","0","1","0"
"Eriogonum_arborescens",0.0328540784407074,0.191107240668097,-0.784439733353737,0.0384931216028799,0.321355319652101,-1.33720556860934,-0.639770149863919,"0","1","0","1","0","1","0","1","1","0","1","0","0","0","0","1","1","0","0","1","0","1","0","0","0","1","1","0","0","0","1","0","0","1","0"
"Eryngium_alpinum",-0.829464756705876,-0.370013379293491,-0.49682028070429,-0.570138569082411,0.172925174532629,-1.61214989860273,-0.0331795211402845,"1","0","0","1","0","1","0","1","1","0","0","1","0","0","0","1","0","0","1","1","0","1","0","1","0","0","1","0","0","0","1","0","0","1","0"
"Erythroxylum_laurifolium",0.50164911294857,0.291687878841025,-0.458026101781542,0.0740559493866017,0.321355319652101,-0.61070798314736,0.422830698509758,"0","1","0","1","0","1","0","1","1","0","0","1","0","0","0","1","0","0","1","1","0","1","0","0","0","1","1","0","1","0","1","0","0","1","0"
"Eschscholzia_californica",-1.01758995217977,0.929219918855257,0.46559853058246,-0.570138569082411,0.410413406723782,0.974284243333207,-0.386228117083801,"1","0","0","1","0","1","0","1","1","1","0","1","0","0","0","1","0","1","0","0","1","1","0","0","0","1","0","0","0","1","0","1","0","1","0"
"Eucalyptus_cladocalyx",1.68747926555523,3.11254310865197,0.909039043249378,0.269884151329963,0.0363694410227162,0.127462820139255,-0.0474975161685451,"0","1","0","1","0","1","0","1","1","0","1","0","0","0","0","1","1","0","0","1","0","1","0","1","0","0","1","0","0","1","1","0","0","1","0"
"Eupomatia_bennettii",-0.133453606715704,0.136541925520579,-0.0128581612324544,0.369842789482266,0.410413406723782,0.858996854018345,0.350296746311901,"0","1","0","1","0","1","0","1","1","0","0","1","0","0","0","1","1","0","0","1","0","1","0","1","0","0","1","0","0","0","1","0","0","1","0"
"Eupomatia_laurina",0.75707059831113,2.00216081779876,-0.127773125991498,3.96373196202027,0.410413406723782,0.624216646094099,0.300630568644422,"0","1","0","1","0","1","0","1","1","0","0","1","0","0","0","1","0","0","1","1","0","1","0","0","0","1","0","0","1","0","1","0","0","1","0"
"Fagus_grandifolia",1.49296621051857,0.382674133504286,-0.370129232592074,0.0384931216028799,0.063086867144221,-0.743764640951636,1.1268551719053,"0","1","0","1","0","1","0","1","1","0","0","1","0","1","0","0","0","0","1","1","0","0","1","1","0","0","0","1","0","1","1","0","0","0","1"
"Filipendula_vulgaris",-0.526501804358964,1.16640936239136,-0.370129232592074,1.687587559789,-2.55818949566563,-0.0651932809305539,-0.507669686387111,"1","0","0","1","0","1","0","1","1","0","0","1","0","1","0","1","0","0","1","1","0","1","0","0","0","1","0","1","0","1","1","0","0","1","0"
"Floerkea_proserpinacoides",-1.375453676164,-0.195963182020604,-0.784439733353737,-0.235184378978198,0.345104142871216,0.650784063110062,-0.127127743435065,"1","0","0","1","0","1","0","1","0","1","0","0","1","0","1","0","0","1","0","0","1","1","0","0","0","1","0","0","0","0","1","0","0","1","1"
"Fumana_ericoides",-1.06386227395981,1.30809601549114,0.606629319012905,-0.570138569082411,-0.1833071737541,0.260552343801814,-0.244030459834394,"0","1","0","1","0","1","0","1","1","0","0","0","1","0","0","1","0","1","0","0","1","1","0","1","0","0","1","0","0","1","1","0","0","1","0"
"Galium_aparine",-0.406704193570098,-0.583033604709306,-0.784439733353737,-0.570138569082411,0.410413406723782,0.260552343801814,0.139063765872768,"1","0","0","1","0","1","0","1","0","1","0","0","1","0","0","1","0","0","1","1","0","1","0","1","0","0","1","0","0","0","1","0","0","1","0"
"Gelsemium_sempervirens",0.532905125308555,-0.370013379293491,0.0441812681695879,-0.570138569082411,0.410413406723782,0.650784063110062,0.21666451780778,"1","0","1","0","0","1","0","1","1","0","0","1","0","0","0","1","1","0","0","1","0","1","0","0","0","1","0","0","1","0","1","0","0","1","0"
"Gentiana_saponaria",-0.792155333972881,-0.370013379293491,-0.194821609613071,-0.570138569082411,0.410413406723782,0.918563431425594,-0.126729670568771,"1","0","0","1","0","1","0","1","1","0","0","1","0","0","0","1","1","0","0","1","0","1","0","0","0","1","1","0","0","0","1","0","0","1","0"
"Geranium_sanguineum",-1.06386227395981,0.291687878841025,-0.370129232592074,0.805278368522632,0.410413406723782,0.754217175666762,0.133192127468128,"1","0","0","1","0","1","0","1","1","0","1","0","0","0","0","1","0","1","0","0","1","1","0","0","0","1","1","0","0","0","1","0","0","1","0"
"Gerbera_jamesonii",-0.934864011536391,-0.370013379293491,-0.784439733353737,-0.570138569082411,0.410413406723783,0.995603176544007,-0.293508988998958,"1","0","0","1","0","1","0","1","1","0","0","1","0","0","0","1","1","0","0","1","0","1","0","1","0","0","1","0","0","0","0","0","1","1","0"
"Gesneria_cuneifolia",-1.46456747637015,-0.244097977417337,0.820538335802189,-0.570138569082411,0.356978554480774,0.568495834186485,-1.64808863171875,"0","1","0","1","0","1","0","1","1","0","1","0","0","0","0","1","0","0","1","0","1","1","0","0","0","1","1","0","0","0","0","0","1","1","0"
"Gomortega_keule",1.36396794809515,0.0786676534252094,-0.784439733353737,-0.570138569082411,0.410413406723782,-0.663637791147085,1.0488234128411,"0","1","0","1","0","1","0","1","1","0","1","0","0","0","0","1","0","0","1","1","0","1","0","1","0","0","1","0","0","0","1","0","0","1","1"
"Gonocaryum_litorale",1.28677406314489,-0.370013379293491,-0.370129232592074,-0.570138569082411,0.410413406723782,-0.738761058392809,0.68558200264025,"0","1","0","1","0","1","1","0","1","0","0","1","0","0","0","1","0","0","1","1","0","0","1","0","0","1","1","0","0","0","1","0","0","1","1"
"Gossypium_hirsutum",-0.133453606715704,2.27679165324457,0.591869959133281,0.269884151329963,0.410413406723782,1.45744136423488,0.821471560667731,"0","1","0","1","0","1","0","1","1","1","0","0","1","0","0","1","1","0","0","1","0","1","0","0","0","1","1","0","0","0","1","0","0","1","0"
"Grewia_occidentalis",0.267251595694639,2.23408528716701,-0.784439733353737,0.470324178418419,0.410413406723782,0.725907330355786,0.712185403659099,"0","1","0","1","0","1","0","1","1","0","0","1","0","0","0","1","0","0","1","1","0","1","0","0","0","1","1","0","0","0","1","0","0","1","0"
"Griselinia_racemosa",0.0328540784407074,-0.370013379293491,-0.687319601223866,0.0384931216028799,0.410413406723782,-0.507625163011136,0.226595049085243,"0","1","0","1","0","1","1","0","1","0","0","1","0","0","0","1","0","0","1","1","0","0","1","1","0","0","1","0","0","0","1","0","0","1","0"
"Gyrocarpus_americanus",1.49296621051857,-0.583033604709306,-0.784439733353737,-1.61060131658324,0.101678704875283,-1.86052681158015,1.21599707522886,"0","1","0","1","0","1","0","1","1","0","0","1","0","1","0","0","1","0","0","1","0","1","1","1","0","0","0","1","0","0","1","0","0","1","1"
"Hamamelis_virginiana",0.562557543274467,-0.583033604709306,-0.784439733353737,-0.570138569082411,0.410413406723782,0.375839733116676,0.864566160910286,"0","1","0","1","0","1","0","1","1","0","0","1","0","0","0","1","0","1","0","0","1","1","0","0","1","0","1","0","0","1","1","0","0","1","0"
"Hanguana_malayana",0.267251595694639,-0.195963182020604,-0.784439733353737,0.0384931216028799,0.410413406723782,-0.638472860761003,0.323323260443513,"1","0","0","1","0","1","1","0","1","0","0","1","0","0","0","1","0","0","1","1","0","0","1","0","0","1","1","0","0","0","1","0","0","1","0"
"Haumania_danckelmaniana",0.667956798104982,-1.90643612097834,-0.019561219364564,0.0384931216028799,0.327292525456879,-0.0299486760300464,0.550023862118615,"0","1","1","0","0","1","0","1","1","0","0","1","0","0","0","1","1","0","0","1","0","1","0","1","0","0","1","0","0","1","0","0","1","1","0"
"Hedychium_gardnerianum",0.138253333271222,-1.90643612097834,0.0127569822153026,0.0384931216028799,0.380727377699889,1.57272875354974,0.16742400551674,"1","0","0","1","0","1","0","1","1","0","0","0","1","0","0","1","0","0","1","1","0","1","0","1","0","0","1","0","0","0","0","0","1","1","0"
"Helianthus_annuus",0.0328540784407074,-0.370013379293491,-0.784439733353737,-0.570138569082411,0.410413406723782,0.458127962040253,0.564579555596861,"1","0","0","1","0","1","0","1","0","1","0","1","0","0","0","1","0","1","0","0","1","1","0","1","0","0","1","0","0","1","1","0","1","1","0"
"Heliconia_irrasa",-0.133453606715704,-0.370013379293491,-0.784439733353737,0.0384931216028799,0.410413406723783,1.28760702169376,0.207934200910897,"1","0","0","1","0","1","0","1","1","0","0","1","0","0","0","1","0","0","1","1","0","1","0","1","0","0","1","0","0","0","1","0","0","1","0"
"Herniaria_glabra",-1.29825979121374,-0.370013379293491,0.531077061786638,-0.282245661817384,0.187768189044577,-1.86052681158015,-1.1498465408487,"1","0","0","1","0","1","0","1","1","1","0","0","1","0","0","1","1","1","0","1","1","1","0","0","0","1","1","0","0","0","1","0","0","0","1"
"Hevea_brasiliensis",1.36396794809515,0.291687878841025,-0.784439733353737,0.0384931216028799,0.410413406723782,-0.816743179002785,1.90508160900783,"0","1","0","1","0","1","0","1","1","0","0","1","0","0","0","1","0","0","1","1","0","0","1","0","1","0","1","0","0","0","1","0","0","1","0"
"Hirtella_physophora",0.637112926168464,-0.195963182020604,-0.360925184129536,-0.163676675351923,0.327292525456879,0.375839733116676,0.684477734144739,"0","1","0","1","0","1","0","1","1","0","0","1","0","0","0","1","1","0","0","1","0","1","0","0","0","1","1","0","0","1","0","0","1","1","0"
"Hordeum_bulbosum",-0.397503541935547,-0.85766444015512,-0.784439733353737,-0.570138569082411,0.241203041287586,0.260552343801814,0.205505955424169,"1","0","0","1","0","1","0","1","1","0","0","1","0","1","0","0","0","0","1","1","0","1","0","0","0","1","0","1","0","0","0","0","1","0","1"
"Hydnocarpus_heterophyllus",1.36396794809515,1.20385075430107,-0.503642112929017,0.470324178418419,0.410413406723782,0.183183632046868,0.957341770032245,"0","1","0","1","0","1","1","0","1","0","0","1","0","0","0","1","0","0","1","1","0","0","1","0","0","1","1","0","0","0","1","0","0","1","1"
"Hydrastis_canadensis",-1.01758995217977,1.89715031959483,-0.370129232592074,1.95429952375936,-2.55818949566563,0.00391342588948757,-0.0433139882971822,"1","0","0","1","0","1","0","1","1","0","1","0","0","0","0","1","0","0","1","1","0","1","0","0","0","1","1","0","0","1","1","0","0","1","0"
"Hydrocotyle_vulgaris",-1.56996673120067,-0.370013379293491,0.332400909915913,-0.570138569082411,0.410413406723782,-1.86052681158015,-0.707316544314594,"1","0","0","1","0","1","0","1","1","0","0","0","1","0","1","1","1","0","0","1","0","1","0","1","0","0","1","0","0","0","1","0","0","1","0"
"Hydrophyllum_capitatum",-1.11416315147397,-0.370013379293491,0.11942118546086,-0.19737765836808,0.267920467409091,-0.530548267484526,0.0445738390283209,"1","0","0","1","0","1","0","1","1","0","0","1","0","0","0","1","1","0","0","1","0","1","0","0","0","1","1","0","0","1","1","0","0","1","0"
"Hypericum_perforatum",-0.663157071549464,1.82811062052587,1.24853656649552,0.0384931216028799,0.410413406723782,0.320118921209063,-1.05919840305325,"1","0","0","1","0","1","0","1","1","0","0","0","1","0","0","1","1","0","0","1","0","1","0","0","0","1","0","0","0","1","1","0","0","1","0"
"Ilex_opaca",1.09226100810823,-0.583033604709306,-0.614781005974806,0.470324178418419,0.410413406723782,-0.470981690077276,0.326741630191538,"0","1","0","1","0","1","1","0","1","0","0","1","0","0","0","1","0","0","1","1","0","0","1","0","0","1","1","0","0","0","1","0","0","1","1"
"Impatiens_capensis",-0.339645754089385,-0.370013379293491,-0.784439733353737,0.805278368522632,0.410413406723782,0.808195559279363,0.0652434652347144,"1","0","0","1","0","1","0","1","0","1","1","0","0","0","0","1","0","1","0","0","1","1","0","0","0","1","1","0","0","0","0","0","1","1","0"
"Ipomoea_alba",0.96326274568481,-0.370013379293491,0.177559458371619,-0.570138569082411,-0.328768715971181,1.67441943781143,0.841149810589211,"1","0","1","0","0","1","0","1","1","1","0","0","1","0","0","1","1","0","0","1","0","1","0","0","0","1","1","0","0","0","1","0","0","1","0"
"Iris_versicolor",-0.595067239451945,-0.85766444015512,1.42791619533356,0.0384931216028799,-0.13580952731587,1.94059848513654,0.287131599032112,"1","0","0","1","0","1","0","1","1","0","1","0","0","0","1","1","1","0","0","1","0","1","0","1","0","0","1","0","0","0","1","0","0","1","0"
"Irvingbaileya_australis",0.940748345558734,-0.370013379293491,-0.784439733353737,-0.570138569082411,0.410413406723782,-0.992386455175395,1.07164855932702,"0","1","0","1","0","1","1","0","1","0","0","1","0","0","0","1","0","0","1","1","0","0","1","0","0","1","1","0","0","0","1","0","0","1","0"
"Juglans_mandshurica",1.19766026293874,1.20385075430107,-0.784439733353737,-0.570138569082411,-0.740217078242354,-0.507175469317149,2.16464746394389,"0","1","0","1","0","1","0","1","1","0","0","1","0","1","0","0","0","0","1","1","0","0","1","1","0","0","0","1","0","0","1","0","0","0","1"
"Jumellea_fragrans",-1.06386227395981,-1.24473486284382,0.866378472316233,0.0384931216028799,-0.0615944547561343,0.974284243333207,-1.13778929134182,"1","0","0","1","0","1","0","1","1","0","1","0","0","0","0","1","1","0","0","1","0","1","0","1","0","0","1","0","0","0","0","0","1","1","0"
"Juncus_effusus",-0.440111021002713,-0.85766444015512,0.42276754413253,0.0384931216028799,-0.907646281937119,-0.401653464603621,-1.64808863171875,"1","0","0","1","0","1","0","1","0","1","1","0","0","1","0","0","0","0","1","1","0","1","0","0","0","1","0","1","0","0","1","0","0","0","1"
"Kalanchoe_daigremontiana",-0.133453606715704,0.0786676534252094,2.12500099179466,0.470324178418419,-1.96446891518775,0.725907330355786,-1.64808863171875,"1","0","0","1","0","1","0","1","1","1","0","0","1","0","0","1","1","0","0","1","0","1","0","0","1","1","1","0","0","0","1","0","0","1","0"
"Kalmia_latifolia",0.562557543274467,0.291687878841025,0.929132727459589,0.211787289441932,0.410413406723782,0.666340752948536,-1.64808863171875,"0","1","0","1","0","1","0","1","1","0","0","1","0","0","0","1","1","0","0","1","0","1","0","0","0","1","1","0","0","0","1","0","0","1","0"
"Kielmeyera_regalis",0.562064840081951,0.638025099317631,0.337662763894836,0.146951666722737,0.00371480909643263,1.67441943781143,0.0382388359800112,"0","1","0","1","0","1","0","1","1","0","0","1","0","0","0","1","1","0","0","1","0","1","0","0","0","1","0","0","0","1","1","0","0","1","0"
"Kirengeshoma_palmata",-0.339645754089385,0.678758301529726,0.27868007894476,0.343056195519231,-0.0883118808776392,0.932268051350122,-0.342849805640746,"1","0","0","1","0","1","0","1","1","0","0","1","0","0","0","1","1","0","0","1","0","1","0","0","0","1","1","0","0","1","1","0","0","1","0"
"Kirkia_wilmsii",1.06866200051532,-0.470594017466418,-0.515464637309186,0.64712481228817,0.410413406723782,-0.222604777099855,0.266368972943201,"0","1","0","1","0","1","1","0","1","0","0","1","0","0","0","1","1","0","0","1","0","0","1","0","0","1","1","0","0","0","1","0","0","1","0"
"Lactoris_fernandeziana",-0.133453606715704,-0.195963182020604,0.286537374770164,0.0384931216028799,-2.55818949566563,-1.01370538838619,-0.221345846830246,"0","1","0","1","0","1","0","1","1","0","1","0","0","1","0","0","1","1","0","1","1","1","1","0","0","1","0","1","0","0","1","0","0","0","1"
"Lantana_camara",-0.339645754089385,-0.583033604709306,-0.280436129766979,-1.00196962589795,0.143239145508735,-0.594531084327043,0.199790324208011,"0","1","0","1","0","1","0","1","1","0","0","0","1","0","0","1","0","0","1","1","0","1","0","0","0","1","1","0","0","0","0","0","1","1","0"
"Lapageria_rosea",0.834264483261393,-0.195963182020604,2.13412672180017,0.0384931216028799,0.410413406723782,1.51700794164213,-0.0545162665994262,"0","1","1","0","0","1","0","1","1","0","1","0","0","0","0","1","0","0","1","1","0","1","0","1","0","1","1","0","0","0","1","0","0","1","0"
"Larrea_tridentata",-0.0961441839827093,0.291687878841025,0.416588311855524,0.805278368522632,0.0363694410227163,0.568495834186485,0.0396238514265544,"0","1","0","1","0","1","0","1","1","0","1","0","0","0","0","1","0","0","1","1","0","1","0","0","0","1","1","0","0","1","1","0","0","1","0"
"Lemna_minor",-1.99427094120391,-1.24473486284382,-0.784439733353737,-1.61060131658324,-0.625629006210122,-2.40325050988907,-0.611193216302622,"1","0","0","1","1","0","0","1","0","1","0","0","1","0","0","1","1","0","0","1","0","1","0","0","0","1","1","0","0","0","1","0","0","0","1"
"Lepidobotrys_staudtii",0.834264483261393,0.291687878841025,-0.370129232592074,0.0384931216028799,0.351041348675995,-0.621513684292647,0.366919264468072,"0","1","0","1","0","1","1","0","1","0","0","1","0","0","0","1","0","1","0","0","1","0","1","0","0","1","1","0","0","0","1","0","0","1","0"
"Limnanthes_douglasii",-0.751468518527054,0.291687878841025,-0.251321324319608,0.805278368522632,0.310470442343339,0.666340752948536,0.0689614030538051,"1","0","0","1","0","1","1","0","0","1","0","1","0","0","0","1","1","0","0","1","0","1","1","0","0","1","1","0","0","0","1","0","0","1","0"
"Linum_perenne",-0.663157071549464,-0.370013379293491,-0.370129232592074,0.805278368522632,0.410413406723782,0.858996854018345,-0.406392476088686,"1","0","0","1","0","1","0","1","1","0","0","1","0","0","0","1","1","0","0","1","0","1","0","0","0","1","1","0","0","0","1","0","0","1","0"
"Liparis_loeselii",-1.54729341701353,-1.90643612097834,0.755854714989357,0.0384931216028799,-0.782964960036762,-0.180480670245416,-2.52364315995557,"1","0","0","1","0","1","0","1","1","0","0","0","1","1","1","0","1","0","0","1","0","1","0","1","0","0","0","1","0","0","0","0","1","0","1"
"Liriodendron_chinense",1.7646731505055,2.00216081779876,-0.370129232592074,5.51187606981194,-2.55818949566563,0.858996854018345,0.31392131108032,"0","1","0","1","0","1","0","1","1","0","1","0","0","0","0","1","1","1","0","1","1","1","0","0","0","1","1","0","0","0","1","0","0","0","1"
"Loasa_heterophylla",-0.772684163672326,-0.11955176196796,0.644466516229156,0.135341727271805,0.0749612787537786,0.496506410407416,-0.706897083689245,"1","0","0","1","0","1","0","1","1","0","0","1","0","0","0","1","1","0","0","1","0","1","0","1","0","0","1","0","0","0","1","0","0","1","0"
"Lobelia_angulata",-1.27005442133349,-0.370013379293491,0.594862847790927,-0.570138569082411,0.22042282097086,0.0364974033311341,-1.24292014718401,"1","0","0","1","0","1","1","0","1","0","0","1","0","0","0","1","1","0","0","1","0","1","1","1","0","0","1","0","0","0","0","0","1","1","0"
"Ludwigia_adscendens",-1.46456747637015,0.291687878841025,0.419915564972195,0.805278368522632,-0.0408142344394085,0.725907330355786,-0.844042110781678,"1","0","0","1","1","0","0","1","1","0","0","1","0","0","0","1","1","0","0","1","0","1","0","1","0","0","1","0","0","0","1","0","0","1","0"
"Lythrum_salicaria",-0.0961441839827093,0.465738076113911,0.953613580785574,-0.570138569082411,0.410413406723782,0.284874316308556,-1.28194700432551,"1","0","0","1","0","1","0","1","1","0","0","1","0","0","0","1","1","0","0","1","0","1","0","0","0","1","1","0","0","1","1","0","0","1","0"
"Malesherbia_linearifolia",-0.367851123969636,-0.370013379293491,1.04940823367059,0.0384931216028799,0.410413406723782,0.568495834186485,-0.430308713081859,"1","0","0","1","0","1","0","1","1","0","0","1","0","0","0","1","1","0","0","1","0","1","0","0","0","1","1","0","0","0","1","0","0","1","0"
"Malpighia_emarginata",0.75707059831113,0.291687878841025,-0.784439733353737,0.0384931216028799,0.410413406723782,0.477530417378364,0.413569971516034,"0","1","0","1","0","1","0","1","1","0","0","1","0","0","0","1","0","0","1","1","0","1","0","0","0","1","0","0","1","0","0","0","1","1","0"
"Manihot_esculenta",0.562557543274467,0.291687878841025,-0.784439733353737,0.0384931216028799,0.410413406723782,-1.61214989860273,0.879503543968628,"1","0","0","1","0","1","0","1","1","0","0","1","0","0","0","1","0","0","1","0","1","0","1","0","0","1","1","0","0","1","1","0","0","1","0"
"Manilkara_zapota",1.7646731505055,-0.279027124630229,-0.784439733353737,1.64530108893501,0.410413406723782,0.284874316308556,0.910466133887909,"0","1","0","1","0","1","0","1","1","0","0","1","0","0","0","1","0","0","1","1","0","1","0","0","0","1","1","0","0","0","1","0","0","1","0"
"Mappia_nimmoniana",1.19766026293874,-0.85766444015512,-0.370129232592074,-1.61060131658324,0.149176351313514,-0.415260878169663,0.684715420631734,"0","1","0","1","0","1","1","0","1","0","1","0","0","0","0","1","0","0","1","1","0","1","1","0","0","1","1","0","0","1","1","0","0","1","0"
"Marathrum_rubrum",-1.46456747637015,0.0786676534252094,3.30750494855865,-0.570138569082411,0.410413406723782,-0.821049287316386,-1.31561982336378,"1","0","0","1","1","0","0","1","0","1","0","0","1","1","0","0","1","0","0","1","0","1","0","0","0","1","0","1","0","0","1","0","0","1","1"
"Mayaca_fluviatilis",-0.663157071549464,-0.85766444015512,-0.370129232592074,0.0384931216028799,0.410413406723782,-0.222604777099855,-0.340298347836687,"1","0","0","1","1","1","0","1","1","0","0","0","1","0","1","0","1","0","0","1","0","1","0","0","0","1","1","0","0","0","1","0","0","1","0"
"Mazus_pumilus",-1.69896499362408,-0.583033604709306,2.32939363022007,-0.570138569082411,0.410413406723782,-0.530548267484526,-1.85067287398612,"1","0","0","1","0","1","0","1","0","1","0","0","1","0","0","1","1","0","0","1","0","1","0","0","0","1","0","0","0","1","0","0","1","1","0"
"Medicago_sativa",-0.616884749769426,0.291687878841025,0.834226065733858,-0.165188812753908,0.351041348675995,0.260552343801814,-0.269025792988649,"1","0","0","1","0","1","0","1","1","0","0","1","0","0","0","1","0","1","0","0","1","1","0","0","0","1","1","0","0","1","0","0","1","1","0"
"Melocactus_curvispinus",-1.56996673120067,2.9051001130646,1.04940823367059,2.55124967342008,-0.9967043690088,0.533251229285977,-0.803327534989791,"1","0","0","1","0","1","0","1","1","0","0","1","0","0","0","1","0","0","1","1","0","1","0","1","0","0","1","0","0","0","1","0","0","1","0"
"Menispermum_canadense",0.562557543274467,0.769744556192987,-0.370129232592074,0.0384931216028799,-0.201118791168436,-1.51045921434104,0.731357343096914,"1","1","1","0","0","1","1","0","1","0","0","1","0","0","0","1","0","0","1","1","0","0","1","0","0","1","1","0","0","0","1","0","0","1","0"
"Menyanthes_trifoliata",-0.97474847375366,-0.370013379293491,0.591869959133281,-0.570138569082411,0.410413406723782,0.127462820139255,-0.242835090962814,"1","0","0","1","1","0","0","1","1","0","0","1","0","0","0","1","1","0","0","1","0","1","0","0","0","1","1","0","0","0","1","0","0","1","0"
"Miconia_affinis",0.562557543274467,0.291687878841025,0.100601701493356,0.318975537975682,0.187768189044576,-0.821049287316386,-0.856614160785878,"0","1","0","1","0","1","0","1","1","0","0","1","0","0","0","1","0","0","1","1","0","1","0","0","1","0","1","0","0","0","1","0","0","1","0"
"Mirabilis_jalapa",-0.367851123969636,-0.370013379293491,-0.784439733353737,-1.61060131658324,0.0690240729489998,0.974284243333207,0.773164012726118,"1","0","0","1","0","1","0","1","1","1","0","0","1","0","0","1","0","1","0","0","1","1","0","0","0","1","1","0","0","0","1","0","0","1","1"
"Misodendrum_linearifolium",-1.16926152879032,-0.85766444015512,-0.784439733353737,0.0384931216028799,0.410413406723782,-2.01793830774945,-0.0241729447334788,"0","1","0","1","0","1","1","0","1","0","0","1","0","0","0","1","1","0","0","1","0","0","1","1","0","0","1","0","0","0","1","0","0","0","1"
"Mollugo_verticillata",-1.19286053638322,-0.710507095157211,0.591869959133281,0.470324178418419,0.410413406723782,-1.61214989860273,-1.20849601952453,"1","0","0","1","0","1","0","1","0","1","0","1","0","0","0","1","0","1","0","0","1","1","0","0","0","1","1","0","0","1","1","0","0","1","0"
"Monotropa_hypopitys",-1.34332900036728,0.191107240668097,1.00618045989494,0.805278368522632,0.410413406723782,-0.266890018817715,-2.52364315995557,"1","0","0","1","0","1","0","1","1","0","1","0","0","0","0","1","0","1","0","0","1","1","0","0","0","1","1","0","0","0","1","0","0","1","0"
"Montinia_caryophyllacea",-0.133453606715704,-0.583033604709306,0.286537374770164,-0.570138569082411,0.410413406723782,-0.821049287316386,0.00497272004174239,"0","1","0","1","0","1","1","0","1","0","0","1","0","0","0","1","0","1","0","0","1","0","1","1","0","0","1","0","0","1","1","0","0","1","0"
"Moringa_oleifera",1.06866200051532,-0.370013379293491,-0.110725985007784,0.0384931216028799,0.410413406723782,0.375839733116676,1.09380944285553,"0","1","0","1","0","1","0","1","1","0","1","0","0","0","0","1","0","1","0","0","1","1","0","0","0","1","1","0","0","0","0","0","1","1","0"
"Myriophyllum_sibiricum",0.667956798104982,0.0786676534252094,-0.784439733353737,0.470324178418419,-0.13580952731587,-1.45473840243342,0.143343221048812,"1","0","0","1","1","0","0","1","1","0","0","1","0","0","0","1","1","0","0","1","0","1","1","1","0","0","1","0","0","0","1","0","0","1","0"
"Myristica_fragrans",0.834264483261393,0.242721600996992,-0.784439733353737,-1.61060131658324,-0.212993202777994,-0.222604777099855,2.11426180596953,"0","1","0","1","0","1","1","1","1","0","0","1","0","0","0","1","0","0","1","1","0","0","1","0","0","1","0","0","0","1","1","0","0","1","0"
"Myrtus_communis",0.43355928085105,2.84451875717599,-0.0303919213432236,1.06235833665915,0.410413406723782,0.568495834186485,0.100083040415002,"0","1","0","1","0","1","0","1","1","0","1","0","0","0","0","1","0","0","1","1","0","1","0","0","0","1","1","0","0","1","1","0","0","1","0"
"Narthecium_ossifragum",-1.11416315147397,-0.195963182020604,0.817483569128827,0.0990664520929591,0.294637893530596,0.666340752948536,-1.17770258801667,"1","0","0","1","0","1","0","1","1","0","0","1","0","0","0","1","0","1","0","0","1","1","0","0","0","1","1","0","0","1","1","0","0","1","0"
"Nelumbo_lutea",0.0328540784407074,3.81321439492942,-0.784439733353737,3.20607179150595,-2.55818949566563,1.76538485461955,0.877911487017196,"1","0","0","1","1","0","0","1","1","0","1","0","0","0","0","1","1","0","0","1","0","1","0","0","0","1","0","0","1","1","1","0","0","1","0"
"Nelumbo_nucifera",0.0328540784407074,3.5385835594836,-0.784439733353737,3.49483555420958,-2.55818949566563,2.28477272893229,1.55059627593294,"1","0","0","1","1","0","0","1","1","0","0","1","0","0","0","1","1","0","0","1","0","1","0","0","0","1","0","0","1","1","1","0","0","1","0"
"Nemesia_strumosa",-1.06386227395981,-0.583033604709306,0.584628537851906,-0.235184378978198,0.113553116484841,0.568495834186485,-0.921831719953213,"1","0","0","1","0","1","0","1","0","1","0","1","0","0","0","1","1","0","0","1","0","1","0","0","0","1","1","0","0","0","1","0","0","1","0"
"Nepenthes_macfarlanei",0.267251595694639,-0.370013379293491,-0.243162177718248,0.470324178418419,0.048243852632274,-0.222604777099855,0.340192133088786,"0","1","1","0","0","1","1","0","1","0","0","1","0","1","0","1","1","0","0","1","0","0","1","0","0","1","1","1","0","0","1","0","0","1","0"
"Nicotiana_tabacum",0.267251595694639,-0.370013379293491,0.729273640110172,-0.570138569082411,0.410413406723782,1.02662590052741,-1.28194700432551,"1","0","0","1","0","1","0","1","1","1","0","1","0","0","0","1","0","1","0","0","1","1","0","0","0","1","1","0","0","0","1","0","1","1","0"
"Nolana_humifusa",-0.599292862018873,-0.370013379293491,0.310675248140101,2.55124967342008,0.410413406723782,0.602357936106019,-0.351434138959245,"1","0","0","1","0","1","0","1","0","1","0","1","0","0","0","1","0","0","1","1","0","1","0","0","0","1","1","0","0","1","1","0","0","1","0"
"Nothofagus_dombeyi",1.7646731505055,0.338264585666006,-0.784439733353737,-1.61060131658324,-0.325800113068791,-0.55650321574356,0.219078844134679,"0","1","0","1","0","1","0","1","1","0","0","1","0","1","0","0","1","0","0","1","0","0","1","0","0","1","0","1","0","0","1","0","0","0","1"
"Nuphar_advena",-0.687662511878455,3.05093249862197,0.454109810672748,2.55124967342008,0.410413406723782,0.974284243333207,-0.105667409985651,"1","0","0","1","1","0","0","1","1","0","0","1","0","0","0","1","1","0","0","1","0","1","0","0","0","1","0","0","0","1","1","0","0","1","0"
"Nymphaea_odorata",-0.45134011116734,2.24442810907147,2.03858136405979,2.91101551017707,0.410413406723782,1.95804095568936,0.0120399761997285,"1","0","0","1","1","0","0","1","1","0","0","1","0","0","0","1","1","0","1","1","0","1","0","0","1","0","1","0","0","0","1","1","0","1","0"
"Nymphoides_peltata",-0.326042881579753,-0.370013379293491,0.465164177815547,-0.570138569082411,0.410413406723782,0.858996854018345,-0.707316544314594,"1","0","0","1","1","0","0","1","1","0","0","1","0","0","0","1","1","0","0","1","0","1","0","0","0","1","1","0","0","1","1","0","0","1","0"
"Nyssa_ogeche",1.36396794809515,0.0170570433952108,-0.508632914442579,0.0751632755672584,0.261983261604312,-0.205371997975063,1.1969545451316,"0","1","0","1","0","1","1","0","1","0","0","1","0","0","0","1","0","0","1","1","0","0","1","1","0","0","1","0","0","0","1","0","0","1","0"
"Ochroma_pyramidale",1.59836546534908,0.825915646527635,0.714246215144128,0.805278368522632,0.410413406723782,2.02448703505054,0.0944945856084352,"0","1","0","1","0","1","0","1","1","0","0","1","0","0","0","1","1","0","0","1","0","1","0","0","0","1","1","0","0","0","1","1","0","1","1"
"Octoknema_borealis",1.49296621051857,-0.370013379293491,-0.784439733353737,0.0384931216028799,0.295627427831392,0.533251229285977,1.20070304584043,"0","1","0","1","0","1","1","0","1","0","0","1","0","0","0","1","1","0","0","1","0","0","1","0","0","1","1","0","0","0","1","0","0","1","0"
"Octomeles_sumatrana",1.89367141292891,-0.11955176196796,0.0554304909790676,1.31034689883079,-0.302051289849676,-0.821049287316386,-1.05919840305325,"0","1","0","1","0","1","1","0","1","0","0","1","0","0","0","1","1","0","0","1","0","0","1","1","0","0","1","0","0","0","1","0","0","1","0"
"Olea_europaea",1.19766026293874,-1.24473486284382,-0.370129232592074,-0.570138569082411,0.288700687725817,-1.19297559454357,1.10953567952781,"0","1","0","1","0","1","0","1","1","0","0","1","0","1","0","0","0","0","1","1","0","1","1","0","0","1","0","1","0","0","1","0","0","1","1"
"Oryza_sativa",-0.367851123969636,-0.195963182020604,-0.784439733353737,-1.61060131658324,-0.438607023359589,-0.313570193907975,0.443883261257361,"1","0","0","1","1","0","0","1","0","1","0","0","1","1","0","0","0","1","0","0","1","1","0","0","0","1","0","1","0","0","0","0","1","0","1"
"Ottelia_acuminata",-0.155672911470876,0.338264585666006,-0.398119860479526,0.0384931216028799,-0.188254845258083,0.477530417378364,0.255790389413906,"1","0","0","1","1","0","1","0","1","0","0","1","0","0","0","1","1","0","0","1","0","0","1","0","0","1","1","0","0","0","1","0","0","1","0"
"Oxalis_corniculata",-1.75987342394998,0.291687878841025,0.378676890219667,0.805278368522632,0.410413406723782,-0.0651932809305539,-0.9751183457493,"1","0","0","1","0","1","0","1","1","1","0","0","1","0","0","1","0","1","0","0","1","1","0","0","0","1","1","0","0","1","1","0","0","1","0"
"Paeonia_californica",-0.713457949063626,2.34583135231353,0.909039043249378,1.51078692591925,-2.55818949566563,0.974284243333207,1.12922118935571,"1","0","0","1","0","1","0","1","1","0","0","1","0","0","0","1","1","0","0","1","0","1","0","0","0","1","1","0","0","0","1","0","0","1","0"
"Panax_quinquefolius",-0.97474847375366,-0.370013379293491,-0.54208362675316,-0.570138569082411,0.410413406723782,-1.26208230136362,0.466540803351975,"1","0","0","1","0","1","0","1","1","0","1","0","0","0","0","1","0","0","1","1","0","1","1","1","0","0","1","0","0","0","1","0","0","0","1"
"Pandanus_tectorius",0.562557543274467,0.678758301529726,-0.784439733353737,2.08781596626909,-0.901439203141213,-0.401152296089578,0.504716594046835,"0","1","0","1","0","1","1","0","1","0","0","1","0","1","0","1","1","0","1","1","0","0","1","0","0","1","0","1","0","0","1","0","0","1","1"
"Pennantia_corymbosa",0.96326274568481,-0.370013379293491,-1.02679583995431,0.0384931216028799,0.410413406723782,-0.470981690077276,0.322462384175497,"0","1","0","1","0","1","1","0","1","0","0","1","0","0","0","1","0","0","1","1","0","0","1","0","0","1","1","0","0","0","1","0","0","1","1"
"Perrottetia_ovata",0.939663738091908,-0.370013379293491,0.0441812681695879,-0.570138569082411,0.410413406723782,-0.198625352829484,0.60998122296055,"0","1","0","1","0","1","1","0","1","0","0","1","0","0","0","1","0","0","1","1","0","0","1","0","0","1","1","0","0","0","1","0","0","1","1"
"Petrosavia_sakuraii",-1.29825979121374,-0.195963182020604,0.448484375325761,0.0384931216028799,0.181830983239798,-0.821049287316386,-0.28158917868034,"1","0","0","1","0","1","0","1","1","0","0","0","1","0","0","1","1","0","0","1","0","1","0","0","1","0","1","0","0","0","1","0","0","1","0"
"Petunia_axillaris",-0.663157071549464,-0.583033604709306,0.524811862418099,-0.570138569082411,0.238234438385197,1.5453177869531,-0.32435910915867,"1","0","0","1","0","1","0","1","0","1","0","1","0","0","0","1","0","1","0","0","1","1","0","0","0","1","1","0","0","0","1","0","0","1","0"
"Peumus_boldus",0.562557543274467,1.57860315932541,-0.784439733353737,0.805278368522632,-2.55818949566563,0.301479538085843,1.51417855586112,"0","1","0","1","0","1","1","0","1","0","0","1","0","0","0","1","0","0","1","1","0","0","1","0","0","1","1","0","0","0","1","0","0","1","0"
"Phelline_comosa",0.802952133339453,-0.583033604709306,-0.784439733353737,0.64712481228817,0.410413406723782,-0.594531084327043,0.371861147018138,"0","1","0","1","0","1","1","0","1","0","0","1","0","0","0","1","1","0","0","1","0","0","1","0","0","1","1","0","0","0","1","0","0","1","0"
"Phoenix_dactylifera",1.59836546534908,-0.195963182020604,-0.429020290365458,0.0384931216028799,0.212704453424647,0.183183632046868,1.53562800993615,"0","1","0","1","0","1","1","0","1","0","0","1","0","1","0","1","0","0","1","1","0","0","1","0","0","1","0","1","0","0","1","0","0","1","1"
"Phormium_tenax",0.562557543274467,-0.195963182020604,-0.0952209108248849,0.0384931216028799,0.300575099335375,0.918563431425594,0.0891804886353275,"1","0","0","1","0","1","0","1","1","0","0","1","0","0","0","1","1","0","0","1","0","1","0","0","1","1","1","0","0","0","0","0","1","1","0"
"Phragmites_australis",0.596242531512009,-1.03171463742801,-0.784439733353737,0.0384931216028799,-0.604848785893396,-1.72743728791759,-1.17770258801667,"1","0","0","1","1","0","0","1","1","0","0","1","0","1","0","0","1","0","0","1","0","1","1","0","0","1","0","1","0","0","1","0","0","0","1"
"Phryma_leptostachya",-0.574043271343317,-0.583033604709306,-0.784439733353737,-0.570138569082411,0.410413406723782,0.441735108537701,0.0150172577865121,"1","0","0","1","0","1","0","1","1","0","0","1","0","0","0","1","1","0","0","1","0","1","0","0","0","1","1","0","0","0","0","0","1","1","0"
"Phyllanthus_niruri",-0.829464756705876,-0.85766444015512,-0.463111157015589,0.0384931216028799,0.291669290628206,-2.21059440881926,-0.153679466760331,"1","0","0","1","0","1","0","1","0","1","0","1","0","0","0","1","1","0","0","1","0","0","1","0","0","1","1","0","0","0","1","0","0","1","0"
"Physena_madagascariensis",0.796955060528398,0.291687878841025,-0.784439733353737,-0.570138569082411,0.410413406723782,-0.914787322008514,0.279243471916747,"0","1","0","1","0","1","1","0","1","0","0","1","0","1","0","0","1","0","0","1","0","0","1","0","0","1","0","1","0","0","1","0","0","0","1"
"Picramnia_polyantha",0.838737106956921,-0.279027124630229,-0.370129232592074,-0.570138569082411,0.410413406723782,-0.705900475676325,0.49723409527133,"0","1","0","1","0","1","1","0","1","0","0","1","0","0","0","1","0","0","1","1","0","0","1","0","0","1","1","0","0","0","1","0","0","1","0"
"Pinguicula_alpina",-1.7929164405409,-0.0889560549333698,1.79622525745921,-0.570138569082411,0.312449510944932,0.00391342588948757,-1.64808863171875,"1","0","0","1","0","1","0","1","1","0","0","1","0","0","0","1","0","1","0","0","1","1","0","0","0","1","1","0","0","0","1","0","0","1","0"
"Piper_amalago",0.267251595694639,-0.370013379293491,-0.324801499930602,-0.368713158414474,0.351041348675995,-0.0112021880930181,-0.41486458469327,"0","1","0","1","0","1","0","1","1","0","0","1","0","0","0","1","0","0","1","1","0","1","0","0","0","1","1","0","0","0","1","0","0","1","0"
"Piper_arboreum",0.562557543274467,-0.583033604709306,-0.453140464394701,-0.3076104588514,0.110584513582452,-2.21059440881926,-0.501824145896937,"0","1","0","1","0","1","0","1","1","0","0","1","0","1","0","1","0","0","1","1","0","0","1","0","0","1","0","1","0","0","1","0","0","1","0"
"Pitcairnia_albiflos",-0.574043271343317,-0.195963182020604,0.798360686520658,0.0384931216028799,0.187768189044576,1.16694034440302,-0.326756609714199,"1","0","0","1","0","1","0","1","1","0","0","1","1","0","0","1","1","0","0","1","0","1","0","0","1","0","1","0","0","0","1","0","0","1","0"
"Pittosporum_dasycaulon",0.834264483261393,-0.370013379293491,0.234528612152948,-0.512576410615206,0.37479017189511,-0.109478522648414,0.242900362629765,"0","1","0","1","0","1","0","1","1","0","0","1","0","0","0","1","0","1","0","0","1","1","0","0","0","1","0","0","0","1","0","0","1","1","0"
"Plantago_lanceolata",-1.54729341701353,-0.583033604709306,-0.16062465988224,-0.570138569082411,0.410413406723782,-1.01370538838619,-0.417021548591663,"1","0","0","1","0","1","1","0","1","0","0","1","0","1","0","1","0","1","0","0","1","1","1","0","0","1","0","1","0","1","1","0","0","1","1"
"Platea_latifolia",1.21661590895417,-0.370013379293491,-0.784439733353737,-0.570138569082411,0.410413406723782,-1.61214989860273,0.40625880348244,"0","1","0","1","0","1","1","0","1","0","0","1","0","1","0","0","0","0","1","1","0","0","1","0","0","1","0","1","0","0","1","0","0","0","1"
"Plocosperma_buxifolium",0.356365395900786,-0.370013379293491,-0.54208362675316,-0.570138569082411,0.410413406723782,-0.415260878169663,0.381158885179755,"0","1","0","1","0","1","1","0","1","0","0","1","0","0","0","1","0","0","1","1","0","0","1","0","0","1","1","0","0","0","0","0","1","1","0"
"Plumbago_auriculata",-0.461802570886451,-0.370013379293491,-0.784439733353737,-1.61060131658324,0.256046055799533,0.808195559279363,0.28182999810242,"0","1","0","1","0","1","0","1","1","0","0","1","0","0","0","1","0","0","1","1","0","1","0","0","0","1","1","0","0","0","1","0","0","1","0"
"Podophyllum_peltatum",-0.829464756705876,0.678758301529726,1.46787442003509,-1.61060131658324,-0.0883118808776392,1.16694034440302,-0.462220396095671,"1","0","0","1","0","1","0","1","1","0","0","1","0","0","0","1","0","0","1","1","0","1","0","0","0","1","0","0","0","1","1","0","0","1","0"
"Poeppigia_procera",1.19766026293874,0.291687878841025,0.45849176893125,-1.61060131658324,0.16698796872785,0.361675013297688,0.332036373226431,"0","1","0","1","0","1","0","1","1","0","0","1","0","0","0","1","1","0","0","1","0","1","0","0","0","1","0","0","0","1","1","0","0","1","0"
"Polycarpon_tetraphyllum",-1.23016995911622,-0.940728382764745,0.582559773817409,-0.373850211476432,0.241203041287586,-1.61214989860273,-1.28194700432551,"1","0","0","1","0","1","0","1","0","1","0","1","0","0","0","1","0","0","1","1","0","1","0","0","0","1","1","0","0","0","1","0","0","1","0"
"Polygala_lewtonii",-1.29825979121374,0.0786676534252094,-0.784439733353737,-0.570138569082411,0.315418113847322,-0.530548267484526,-0.347877061296221,"1","0","0","1","0","1","0","1","1","0","1","0","0","0","0","1","0","0","1","0","1","1","0","0","0","1","1","0","0","0","0","0","1","1","0"
"Pontederia_crassipes",-0.897554588803396,-0.195963182020604,0.620564118893438,0.0384931216028799,0.410413406723782,1.32435184057232,-0.394065997012606,"1","0","0","1","1","0","0","1","1","1","0","1","0","0","0","1","1","0","1","1","0","1","0","0","0","1","1","0","0","0","0","0","1","1","0"
"Populus_alba",1.36396794809515,0.191107240668097,-0.607330258498538,-0.462708327735693,-0.0586258518537449,-0.893170860096414,-0.837751662649264,"0","1","0","1","0","1","1","0","1","0","0","1","0","1","0","0","1","0","0","1","0","0","1","0","0","1","0","1","0","0","1","0","0","0","1"
"Portulaca_oleracea",-1.06386227395981,0.242721600996992,1.66284706725718,0.64712481228817,0.410413406723782,-0.470981690077276,-1.07936276205813,"1","0","0","1","0","1","0","1","0","1","0","0","1","0","0","1","0","0","1","1","0","1","0","0","1","0","1","0","0","0","1","0","0","1","0"
"Posidonia_australis",-1.06386227395981,-0.85766444015512,-0.784439733353737,-1.61060131658324,-0.777027754231983,-0.808559889873753,-0.367063733399139,"1","0","0","1","1","0","0","1","1","0","1","0","0","1","0","0","1","0","0","1","0","1","0","0","0","1","0","1","0","0","1","0","0","0","1"
"Posoqueria_latifolia",1.15777580072147,-0.370013379293491,0.0104023839548825,-0.570138569082411,0.410413406723782,0.207032492241649,0.454500139443797,"0","1","0","1","0","1","0","1","1","0","0","1","0","0","0","1","0","0","1","1","0","1","0","1","0","0","1","0","0","0","0","0","1","1","0"
"Potamogeton_berchtoldii",-0.579948482322878,-0.583033604709306,-0.784439733353737,0.470324178418419,-2.55818949566563,-0.783120971357545,-0.474231284052179,"1","0","0","1","1","0","0","1","1","1","0","1","0","1","0","0","1","0","0","1","0","0","1","0","0","1","0","1","0","0","1","0","0","0","1"
"Primula_sieboldii",-1.34332900036728,-0.370013379293491,0.748691299307644,0.805278368522632,0.410413406723782,0.127462820139255,-0.921831719953213,"1","0","0","1","0","1","0","1","1","0","0","1","0","0","0","1","0","1","0","0","1","1","0","0","0","1","1","0","0","0","1","0","0","1","0"
"Prionotes_cerinthoides",-0.367851123969636,-0.370013379293491,0.538021728288638,0.805278368522632,0.410413406723782,0.467883692135184,-0.107647980216333,"1","0","1","0","0","1","0","1","1","0","0","1","0","0","0","1","1","0","0","1","0","1","0","0","0","1","1","0","0","0","1","0","0","1","0"
"Prunus_persica",0.75707059831113,1.74851177472853,-0.370129232592074,-1.61060131658324,-0.290176878240119,0.00391342588948757,1.81429882858472,"0","1","0","1","0","1","0","1","1","0","0","1","0","0","0","1","0","0","1","1","0","1","0","0","0","1","1","0","0","0","1","0","0","1","0"
"Putranjiva_roxburghii",1.06866200051532,-0.806050079826224,-0.370129232592074,0.0384931216028799,0.410413406723782,-0.628393186246577,1.34895489033631,"0","1","0","1","0","1","1","0","1","0","0","1","0","1","0","0","1","0","0","1","0","0","1","0","0","1","0","1","0","0","1","0","0","1","1"
"Qualea_grandiflora",1.06866200051532,-1.90643612097834,1.62160839250465,0.0384931216028799,0.410413406723782,0.375839733116676,0.0469681125533472,"0","1","0","1","0","1","0","1","1","0","0","1","0","0","0","1","1","0","0","1","0","1","0","0","0","1","1","0","0","0","0","0","1","1","0"
"Quercus_rubra",1.59836546534908,-0.195963182020604,-0.370129232592074,0.0384931216028799,-0.0247837787665057,-0.744612700480639,1.84890072255601,"0","1","0","1","0","1","0","1","1","0","0","1","0","1","0","0","0","0","1","1","0","0","1","1","0","0","0","1","0","0","1","0","0","0","1"
"Quinchamalium_chilense",-1.26321297570714,-0.370013379293491,-0.784439733353737,-1.61060131658324,0.193705394849355,-0.0633964583733002,-0.222114561891557,"1","0","0","1","0","1","0","1","1","0","0","1","0","0","0","1","1","0","0","1","0","1","0","1","0","0","1","0","0","0","1","0","0","1","0"
"Quintinia_hyehenensis",0.691555805697884,-0.370013379293491,-0.444029639107613,0.64712481228817,0.386664583504668,-0.821049287316386,0.413883196750544,"0","1","0","1","0","1","1","0","1","0","0","1","0","0","0","1","1","0","0","1","0","0","1","1","0","0","1","0","0","0","1","0","0","1","0"
"Rafflesia_keithii",0.903108692273429,1.61509039511006,0.277689689687069,0.279607270874978,-0.201118791168437,3.56071838526914,1.06819650410143,"0","1","0","1","0","1","1","0","1","0","0","1","0","0","0","1","0","0","1","1","1","0","1","1","0","0","1","0","0","0","1","0","0","1","1"
"Ranunculus_acris",-0.687760589227215,2.00216081779876,-0.784439733353737,2.88620386352429,-2.55818949566563,0.438279434397135,-0.34622865577791,"1","0","0","1","0","1","0","1","1","0","0","1","0","0","0","1","0","0","1","1","0","1","0","0","0","1","1","0","0","1","1","0","0","1","0"
"Ranunculus_ficaria",-1.25645154882386,1.16640936239136,-0.784439733353737,2.45437280670875,-1.50109698942387,0.778248987549991,-0.385001900608232,"1","0","0","1","0","1","0","1","1","0","0","1","0","0","0","1","0","0","1","0","1","1","0","0","0","1","1","0","0","1","1","0","0","1","0"
"Ravenala_madagascariensis",1.13675183261284,-0.195963182020604,0.725248149335312,0.0384931216028799,0.410413406723782,2.31954412311822,1.10133459380561,"0","1","0","1","0","1","0","1","1","0","1","0","0","0","0","1","0","0","1","1","0","1","0","1","0","0","1","0","0","1","0","0","1","1","0"
"Reseda_lutea",1.7646731505055,0.95338913697554,0.177445754778355,0.0384931216028799,-0.4356384204572,-0.663637791147085,-0.58494121293369,"1","0","0","1","0","1","0","1","1","1","0","1","0","0","0","1","0","0","1","1","0","1","0","0","0","1","1","0","0","1","0","0","1","1","1"
"Rhexia_virginica",-0.534158809126048,0.0786676534252094,0.830091289365549,0.470324178418419,0.0601182642418316,0.858996854018345,-1.64808863171875,"1","0","0","1","0","1","0","1","1","0","0","1","0","0","0","1","1","0","0","1","0","1","0","0","0","1","1","0","0","1","1","0","0","1","0"
"Rhizophora_stylosa",1.13675183261284,0.0786676534252094,-0.370129232592074,-0.570138569082411,0.410413406723782,-0.659494980054033,2.53462831425625,"0","1","0","1","0","1","0","1","1","0","1","0","0","1","0","0","1","0","0","1","0","1","0","1","0","0","0","1","0","0","1","0","0","1","1"
"Ribes_aureum",0.0328540784407074,-0.370013379293491,-0.313886764902643,-0.570138569082411,0.300575099335375,0.183183632046868,-0.354850734768928,"0","1","0","1","0","1","0","1","1","0","0","1","0","0","0","1","1","0","0","1","0","1","0","1","0","0","1","0","0","0","1","0","0","1","0"
"Roridula_dentata",0.0328540784407074,-0.370013379293491,-0.784439733353737,0.0384931216028799,0.410413406723782,0.568495834186485,0.155951508532161,"0","1","0","1","0","1","0","1","1","0","0","0","1","0","1","1","0","1","0","0","1","1","0","0","0","1","0","1","0","0","1","0","0","1","1"
"Roridula_gorgonias",-0.367851123969636,-0.370013379293491,-0.127773125991498,0.0384931216028799,0.410413406723782,0.568495834186485,-0.466437027970268,"1","1","0","1","0","1","0","1","1","0","0","0","1","0","1","1","0","1","0","0","1","1","0","0","1","0","0","1","0","0","1","0","0","1","1"
"Roupala_montana",0.667956798104982,-0.583033604709306,-0.370129232592074,-1.61060131658324,0.211517012263692,-0.4426718447663,0.620539871576678,"0","1","0","1","0","1","0","1","1","0","0","1","0","0","0","1","1","0","0","1","0","1","0","0","0","1","1","0","0","0","1","0","0","1","0"
"Rourea_induta",0.43355928085105,0.291687878841025,-0.219093374414695,-0.214646670028214,0.380727377699889,-0.140316548176278,0.392357222930076,"0","1","0","1","0","1","0","1","1","0","0","1","0","0","0","1","1","0","0","1","0","1","0","0","0","1","1","0","0","0","1","0","0","1","0"
"Ruellia_ciliatiflora",-0.740350956499728,-0.583033604709306,0.712298540312825,-0.0753060637179302,0.199642600654134,1.24922857332659,-0.303613061752934,"1","1","0","1","0","1","0","1","1","0","1","0","0","0","0","1","1","0","0","1","0","1","0","0","0","1","1","0","0","1","0","0","1","1","0"
"Ruta_graveolens",-0.367851123969636,0.191107240668097,0.0441812681695879,0.470324178418419,0.410413406723782,0.174157535125824,-0.297796605478296,"0","1","0","1","0","1","0","1","1","0","0","1","0","0","0","1","0","1","0","0","1","1","0","0","0","1","1","0","0","1","1","0","0","1","0"
"Sagina_procumbens",-1.29825979121374,-0.583033604709306,1.20729789174299,0.470324178418419,0.152144954215904,-1.61214989860273,-1.64808863171875,"1","0","0","1","0","1","0","1","1","0","0","0","1","0","1","1","0","1","0","0","1","1","0","0","0","1","1","0","0","0","1","0","0","0","1"
"Sagittaria_latifolia",-0.367851123969636,1.34045955966424,0.838995774995906,1.07895586910371,-0.624639471909325,0.974284243333207,-0.674194277523392,"1","0","0","1","0","1","1","1","1","0","0","1","0","0","0","1","1","0","0","1","0","0","1","0","0","1","1","0","0","0","1","0","0","1","0"
"Salpiglossis_sinuata",-0.367851123969636,-0.583033604709306,1.48676694845145,-0.570138569082411,0.410413406723782,1.24922857332659,-1.17770258801667,"1","0","0","1","0","1","0","1","0","1","0","1","0","0","1","1","0","1","0","0","1","1","0","0","0","1","1","0","0","0","0","0","1","1","0"
"Santalum_spicatum",0.667956798104982,-0.583033604709306,-0.784439733353737,0.0384931216028799,0.22339142387325,-0.663637791147085,1.64341784536222,"0","1","0","1","0","1","0","1","1","0","0","1","0","0","0","1","0","0","1","1","0","1","0","1","0","0","1","0","1","0","1","0","0","1","1"
"Sarracenia_purpurea",-1.16926152879032,2.0785722378514,2.58786186343387,0.805278368522632,0.410413406723782,1.32435184057232,-0.339509571779213,"1","0","0","1","0","1","0","1","1","0","0","1","0","0","0","1","0","1","0","0","1","1","0","0","0","1","1","0","0","0","1","0","0","1","1"
"Saxifraga_cernua",-1.44561183035472,0.291687878841025,2.47120430771319,-0.570138569082411,-0.480167463993042,2.11545245185866,-0.618321886795302,"1","0","0","1","0","1","1","1","1","0","0","1","0","0","0","1","1","0","1","1","0","1","1","0","1","0","1","0","0","0","1","0","0","1","0"
"Scaevola_montana",0.716161312787259,-0.129113455907124,-0.303019558144075,-0.259225145327328,0.282763481921038,-0.252377249154595,0.796667658488886,"0","1","0","1","0","1","0","1","1","0","0","1","0","0","0","1","0","0","1","1","0","1","0","0","0","1","1","0","0","0","1","0","0","1","0"
"Schinus_molle",0.869311298767995,0.291687878841025,-0.784439733353737,0.0384931216028799,0.410413406723782,-0.412359199375393,0.496543253912417,"0","1","0","1","0","1","1","0","1","0","0","1","0","0","0","1","1","0","1","1","0","0","1","0","0","1","1","0","0","0","1","0","0","1","1"
"Schisandra_chinensis",0.902354315358913,-0.279027124630229,-0.236751042390043,3.33668199797512,-2.55818949566563,-0.0173896548625809,0.058939828756832,"1","0","1","0","0","1","0","1","1","0","1","0","0","0","0","1","1","0","0","1","0","0","1","0","0","1","1","0","0","0","1","0","0","1","0"
"Schizanthus_grahamii",-0.768556326379979,-1.24473486284382,0.358485487996801,-0.570138569082411,0.410413406723782,0.696637648451079,-0.444228833491737,"1","0","0","1","0","1","0","1","0","1","1","0","0","0","0","1","1","0","0","1","0","1","0","0","0","1","1","0","0","0","0","0","1","1","0"
"Scleranthus_annuus",-1.52547590669605,-0.710507095157211,-0.784439733353737,-0.570138569082411,0.410413406723782,-1.86052681158015,-0.449020207711275,"1","0","0","1","0","1","0","1","0","1","0","0","1","0","1","1","0","1","0","0","1","1","0","0","0","1","1","1","0","0","1","0","0","1","1"
"Senecio_vulgaris",-0.594911044458183,-0.370013379293491,-1.1987502341154,-0.570138569082411,0.279794879018649,-0.738761058392809,-0.960858577094712,"1","0","0","1","0","1","0","1","0","1","0","1","0","0","0","1","1","0","0","1","0","1","0","1","0","0","1","0","0","0","1","0","0","1","0"
"Sesamum_indicum",-0.262451869139121,-0.583033604709306,1.29637999027134,-0.570138569082411,0.410413406723782,0.533251229285977,-0.272966535139686,"1","0","0","1","0","1","0","1","0","1","1","0","0","0","0","1","0","1","0","0","1","1","0","0","0","1","1","0","0","0","0","0","1","1","0"
"Sextonia_rubra",1.7646731505055,0.191107240668097,-0.784439733353737,-1.61060131658324,-0.0853432779752497,-0.405683552882759,0.733780867977364,"0","1","0","1","0","1","0","1","1","0","0","1","0","0","0","1","0","1","1","1","1","1","0","0","0","1","0","0","1","0","1","0","0","1","0"
"Silene_vulgaris",-0.663157071549464,0.291687878841025,0.580319668743147,0.0440040150042836,0.410413406723782,0.417963839971115,-0.446614702101765,"1","0","0","1","0","1","1","0","1","0","1","0","0","0","0","1","1","0","0","1","0","1","1","0","0","1","1","0","1","0","1","0","1","1","0"
"Simmondsia_chinensis",0.161852340864124,0.291687878841025,-0.15870878886524,0.0384931216028799,0.410413406723782,-1.01370538838619,1.33779837610422,"0","1","0","1","0","1","1","0","1","0","0","1","0","1","0","0","0","0","1","1","0","0","1","0","0","1","0","1","0","0","1","0","0","1","1"
"Sinia_rhodoleuca",-0.287055386816872,-0.370013379293491,0.0384657945231481,0.0384931216028799,0.380727377699889,-0.778925180461948,0.350180755240596,"0","1","0","1","0","1","0","1","1","0","0","1","0","0","0","1","1","0","0","1","0","1","0","0","0","1","1","0","1","0","1","0","0","1","0"
"Sinojackia_xylocarpa",0.667956798104982,0.542149496166556,0.378676890219667,0.0384931216028799,0.410413406723782,0.260552343801814,0.758211753444368,"0","1","0","1","0","1","0","1","1","0","0","1","0","0","0","1","1","0","0","1","0","1","0","0","1","0","1","0","1","0","1","0","0","1","0"
"Solanum_dulcamara",-0.287055386816872,-0.370013379293491,0.834226065733858,-0.570138569082411,0.410413406723782,-0.0299486760300464,0.452407393230129,"1","0","1","1","0","1","0","1","1","0","1","0","0","0","0","1","0","0","1","1","0","1","0","0","0","1","0","0","0","1","1","0","0","1","0"
"Souroubea_guianensis",0.399325397194543,-0.370013379293491,0.150861969129847,-0.00294868964937945,0.0541810584370528,0.0678962427320051,0.924948670163281,"0","1","1","0","0","1","0","1","1","0","0","1","0","0","0","1","0","0","1","1","0","1","0","0","0","1","1","0","1","0","1","0","0","1","0"
"Spergularia_marina",-1.29825979121374,-0.506622184656662,2.04649835006422,-0.0748343274483969,0.253077452897144,-0.594531084327043,-1.38028683028404,"1","0","0","1","0","1","0","1","0","1","0","0","1","0","1","0","1","0","0","1","0","1","0","0","0","1","1","0","0","0","1","0","0","1","1"
"Spigelia_marilandica",-0.829464756705876,-0.370013379293491,1.2040449781619,-0.570138569082411,0.410413406723782,0.918563431425594,-0.886852995683699,"1","0","0","1","0","1","0","1","1","0","0","1","0","0","0","1","0","1","0","0","1","1","0","0","0","1","1","0","0","0","1","0","0","1","1"
"Spiranthes_cernua",-1.06386227395981,-1.90643612097834,1.30496959800616,0.0384931216028799,0.410413406723782,0.127462820139255,-2.11847467542083,"1","0","0","1","0","1","0","1","1","0","0","1","1","0","1","1","1","0","0","1","0","1","0","1","0","0","1","0","0","0","0","0","1","1","1"
"Spondias_tuberosa",0.667956798104982,0.291687878841025,-0.784439733353737,0.64712481228817,0.232297232580418,-0.152856316193639,1.61251838181966,"0","1","0","1","0","1","0","1","1","0","0","1","0","0","0","1","0","0","1","1","0","1","0","0","0","1","1","0","1","0","1","0","0","1","0"
"Staphylea_trifolia",0.290387941871589,-0.370013379293491,0.528893481370741,-0.235184378978198,0.410413406723782,-0.383476690435175,0.642341308662246,"0","1","0","1","0","1","0","1","1","0","0","1","0","0","0","1","1","0","0","1","0","1","0","0","0","1","1","0","0","1","1","0","0","1","1"
"Stellaria_media",-1.29825979121374,-0.279027124630229,0.60639673882739,-0.0705893751021044,0.27385767321387,-0.778925180461948,-0.787525455201062,"1","0","0","1","0","1","0","1","1","1","0","0","1","0","1","1","0","1","0","0","1","1","0","0","0","1","1","0","0","0","1","0","0","1","1"
"Sterculia_apetala",1.68747926555523,0.678758301529726,0.64883911291461,0.805278368522632,-1.96446891518775,0.375839733116676,1.70154061795323,"0","1","0","1","0","1","0","1","1","0","0","1","0","0","0","1","0","0","1","1","0","0","1","0","0","1","1","0","0","1","1","0","0","1","1"
"Stylidium_graminifolium",0.0400354802123299,-1.24473486284382,1.90520317385776,-0.570138569082411,0.410413406723782,-0.222604777099855,-1.00591177725716,"1","0","0","1","0","1","0","1","1","0","0","1","0","0","0","1","0","1","0","0","1","1","0","1","0","0","1","0","0","1","0","0","1","1","0"
"Swietenia_macrophylla",1.59836546534908,0.291687878841025,0.792987390981329,0.805278368522632,0.410413406723782,-0.222604777099855,1.34216378257524,"0","1","0","1","0","1","0","1","1","0","0","1","0","0","0","1","1","0","0","1","0","0","1","0","0","1","1","0","0","0","1","0","0","1","1"
"Syringa_vulgaris",0.667956798104982,-1.24473486284382,-0.370129232592074,-0.570138569082411,0.410413406723782,-0.222604777099855,-0.00279391805936054,"0","1","0","1","0","1","0","1","1","0","0","1","0","0","0","1","0","0","1","1","0","1","0","0","0","1","1","0","0","1","1","0","0","1","0"
"Tacca_chantrieri",-0.534158809126048,-0.195963182020604,2.59418704102791,0.0384931216028799,0.190736791946966,0.260552343801814,0.00343581580770576,"1","0","0","1","0","1","0","1","1","0","0","0","1","0","1","1","0","0","1","1","0","1","0","1","0","0","1","0","0","0","1","0","0","1","1"
"Tacca_leontopetaloides",-0.367851123969636,-0.195963182020604,1.08971948588665,0.0384931216028799,0.244171644189975,0.324025377167299,0.41077920369838,"1","0","0","1","0","1","0","1","1","0","0","1","0","0","0","1","1","0","0","1","0","1","0","1","0","0","1","0","0","1","1","0","0","1","1"
"Talinum_paniculatum",-0.616884749769426,0.725335008354707,0.975521241940318,0.0384931216028799,-0.269396657923393,-0.373136771315225,-0.66393823287154,"1","0","0","1","0","1","0","1","1","0","0","1","0","0","0","1","0","1","0","0","1","1","0","0","0","1","1","0","0","1","1","0","0","1","0"
"Tectona_grandis",1.7646731505055,-0.195963182020604,0.0590174085091364,0.018206977742051,0.0779298816561682,-0.738761058392809,1.40841458152339,"0","1","0","1","0","1","0","1","1","0","0","1","0","0","0","1","1","0","0","1","0","1","0","0","0","1","1","0","0","0","1","0","0","1","0"
"Ternstroemia_crassifolia",1.17885134351926,1.61509039511006,0.125690845861832,-0.570138569082411,-0.328768715971181,-0.0299486760300464,0.96735715995122,"0","1","0","1","0","1","0","1","1","0","0","1","0","0","0","1","0","0","1","1","0","1","1","0","0","1","1","0","0","1","1","0","0","1","0"
"Tetracentron_sinense",1.7646731505055,-0.583033604709306,0.286537374770164,0.470324178418419,-0.1833071737541,-1.86052681158015,-1.05919840305325,"0","1","0","1","0","1","0","1","1","0","1","0","0","1","0","1","1","0","0","1","0","1","0","0","1","0","1","1","0","1","1","0","0","1","1"
"Tetratheca_aphylla",0.00320166047479564,0.291687878841025,-0.784439733353737,0.0384931216028799,0.0927728961681151,-0.313570193907975,0.0787170713076757,"0","1","0","1","0","1","0","1","1","0","0","1","0","0","0","1","0","1","1","0","1","1","0","0","0","1","0","0","0","1","1","0","0","1","0"
"Tetroncium_magellanicum",-1.29825979121374,-0.583033604709306,-0.784439733353737,0.470324178418419,-1.66760862494881,-0.313570193907975,-0.332551421933742,"1","0","0","1","1","0","1","0","1","0","0","1","0","1","0","0","0","0","1","1","0","0","1","0","0","1","0","1","0","0","0","1","0","1","0"
"Thalictrum_minus",-0.479060431809694,0.50470810425684,-0.784439733353737,1.4631298931787,-2.55818949566563,-0.530548267484526,-0.290685128560937,"1","0","0","1","0","1","0","1","1","0","0","1","0","1","0","1","0","1","0","0","1","1","0","0","0","1","0","1","0","1","1","0","0","1","1"
"Theobroma_cacao",1.30305951776926,-0.370013379293491,-0.377490790424861,0.805278368522632,0.410413406723782,-0.222604777099855,1.70066180342482,"0","1","0","1","0","1","0","1","1","0","0","1","0","0","0","1","0","0","1","1","0","1","0","0","0","1","1","0","0","0","1","0","0","1","0"
"Thymelaea_hirsuta",-0.0961441839827093,0.0786676534252094,-0.784439733353737,-1.61060131658324,-0.388140774018969,0.69265896432642,-0.176902650195649,"0","1","0","1","0","1","1","1","1","0","0","1","0","1","0","1","0","0","1","1","0","0","1","0","0","1","0","1","0","0","1","0","0","0","1"
"Titanotrichum_oldhamii",-0.97474847375366,-0.583033604709306,0.317396648069612,-0.186576955037508,0.309480908042543,0.858996854018345,-0.348732928507338,"1","0","0","1","0","1","0","1","1","0","1","1","0","0","0","1","0","0","1","1","0","1","0","0","0","1","1","0","0","1","0","0","1","1","0"
"Trachelium_caeruleum",-0.367851123969636,-0.370013379293491,0.738480710995772,-0.141463022100728,0.345104142871216,-0.821049287316386,-1.85067287398612,"1","0","0","1","0","1","0","1","1","0","0","1","0","0","0","1","0","1","0","0","1","1","0","1","0","0","1","0","0","1","1","0","0","1","0"
"Tragopogon_dubius",-0.574043271343317,-0.370013379293491,-0.784439733353737,-0.570138569082411,0.410413406723782,-0.00365466154591442,0.142913664986858,"1","0","0","1","0","1","0","1","0","1","0","0","1","0","0","1","1","0","1","1","0","1","0","1","0","0","1","0","0","1","0","0","1","1","0"
"Tribulus_terrestris",-0.97474847375366,0.291687878841025,1.00618045989494,0.805278368522632,0.410413406723782,-0.313570193907975,0.315129128609569,"1","0","0","1","0","1","0","1","0","1","0","1","0","0","0","1","0","0","1","1","0","1","0","0","0","1","1","0","0","1","1","0","0","1","0"
"Trichilia_emetica",1.59836546534908,0.291687878841025,-0.370129232592074,0.0384931216028799,0.410413406723782,0.183183632046868,1.41075134438739,"0","1","0","1","0","1","1","0","1","0","0","1","0","0","0","1","0","0","1","1","0","0","1","0","0","1","1","0","0","0","1","0","0","1","1"
"Trillium_erectum",-1.06386227395981,-0.195963182020604,1.25330329809734,0.0384931216028799,0.261983261604312,1.39345854739236,-0.252139039430812,"1","0","0","1","0","1","0","1","1","0","0","1","0","0","0","1","0","0","1","0","1","1","0","0","0","1","1","0","0","1","1","0","0","1","1"
"Trithuria_submersa",-1.86527267878049,-1.90643612097834,-0.784439733353737,-1.61060131658324,-0.955143928375349,-0.222604777099855,-0.356928619545827,"1","0","0","1","1","0","0","1","0","1","0","0","1","1","0","0","0","1","0","0","1","0","1","0","0","1","0","1","0","0","1","0","0","1","0"
"Trochocarpa_laurina",1.11493432229536,0.291687878841025,-0.784439733353737,1.84574111602346,0.410413406723782,-1.41949379753292,0.431681901104448,"0","1","0","1","0","1","0","1","1","0","0","1","0","0","0","1","1","0","1","1","0","1","0","0","0","1","1","0","0","0","1","0","0","1","0"
"Tropaeolum_majus",0.0328540784407074,0.0786676534252094,0.427361197733957,-0.058302198752506,0.261983261604312,1.06632820235171,0.953210791198714,"1","0","1","1","0","1","0","1","1","1","0","1","0","0","0","1","1","0","0","1","0","1","0","0","0","1","1","0","0","1","0","0","1","1","0"
"Tropaeolum_tricolor",0.0328540784407074,0.0786676534252094,-0.784439733353737,0.0384931216028799,0.410413406723782,0.725907330355786,0.417955629309307,"1","0","0","1","0","1","0","1","1","0","0","1","0","0","0","1","0","0","1","1","0","1","0","0","0","1","1","0","0","1","0","0","1","1","0"
"Turnera_ulmifolia",-0.4450450089199,-0.370013379293491,2.93553429315259,0.0384931216028799,0.410413406723782,1.16694034440302,-0.47161003525602,"0","1","0","1","0","1","0","1","1","0","0","1","0","0","0","1","0","0","1","0","1","1","0","0","0","1","1","0","0","1","1","0","0","1","0"
"Typha_latifolia",0.100943910538227,-1.24473486284382,-0.784439733353737,-1.61060131658324,-0.307988495654455,-0.738761058392809,-1.10102209763042,"1","0","0","1","0","1","0","1","1","0","0","1","0","1","0","0","1","0","0","1","0","0","1","0","0","1","0","1","0","0","1","0","0","0","1"
"Urtica_dioica",-0.0443398065095567,-0.583033604709306,-0.784439733353737,-1.61060131658324,-0.322831510166402,-1.9200933889874,-1.04033590491663,"1","0","0","1","0","1","1","0","1","0","0","1","0","1","0","0","0","0","1","1","0","0","1","0","0","1","0","1","0","0","1","1","0","0","1"
"Vaccinium_uliginosum",-0.663157071549464,0.191107240668097,0.364111115218976,0.269884151329963,0.410413406723782,-0.663637791147085,-0.876778519790763,"0","1","0","1","0","1","0","1","1","0","0","1","1","0","0","1","0","0","1","1","0","1","0","1","0","0","1","0","0","0","1","0","0","1","1"
"Valeriana_officinalis",-0.534158809126048,-0.85766444015512,-0.784439733353737,0.0384931216028799,0.27385767321387,-0.821049287316386,-0.441862283867846,"1","0","0","1","0","1","0","1","1","0","0","1","0","0","0","1","1","0","0","1","0","1","0","1","0","0","1","0","0","1","0","1","0","1","0"
"Vellozia_squamata",0.665052841577598,-0.195963182020604,0.781974425242815,0.0573888551015659,0.377758774797499,2.11545245185866,0.665134353303393,"0","1","0","1","0","1","0","1","1","0","0","1","0","0","0","1","0","0","1","1","0","1","0","0","0","1","1","0","0","1","1","0","0","1","0"
"Verbascum_thapsus",0.0328540784407074,-0.370013379293491,0.484178138086492,-0.570138569082411,0.410413406723782,0.127462820139255,-1.17770258801667,"1","0","0","1","0","1","0","1","0","1","1","0","0","0","0","1","0","0","1","1","0","1","0","0","0","1","1","0","0","1","0","0","1","1","0"
"Veronica_anagallis-aquatica",-0.713457949063626,-1.24473486284382,0.442396723117975,-0.570138569082411,-0.00519099961073547,-0.628393186246577,-1.32700020448795,"1","0","0","1","0","1","0","1","1","0","0","0","1","1","0","1","1","0","0","1","0","1","0","0","0","1","0","1","0","0","0","0","1","1","0"
"Viburnum_rufidulum",0.667956798104982,-0.370013379293491,-0.370181294168299,-0.282783737578465,0.318386716749711,-0.621513684292647,0.780018043800496,"0","1","0","1","0","1","0","1","1","0","0","1","0","0","0","1","0","0","1","1","0","1","0","1","0","0","0","0","0","1","1","0","0","1","0"
"Viola_pubescens",-1.11416315147397,-0.370013379293491,0.528893481370741,0.0384931216028799,0.410413406723782,0.602357936106019,-0.30508544411974,"1","0","0","1","0","1","0","1","1","0","1","0","0","0","1","1","0","1","1","0","1","1","0","0","0","1","1","0","0","0","0","0","1","1","0"
"Vitex_negundo",-0.133453606715704,-0.583033604709306,-0.370129232592074,-0.570138569082411,0.410413406723783,-0.738761058392809,0.40132324418464,"0","1","0","1","0","1","0","1","1","0","0","1","0","0","0","1","0","0","1","1","0","1","0","0","0","1","1","0","0","0","0","0","1","1","0"
"Vitis_labrusca",1.23496968567174,-0.370013379293491,-0.288096744042018,-0.00120539485664034,0.309480908042543,-1.61214989860273,0.664614249055779,"0","1","1","0","0","1","0","1","1","0","0","1","0","0","0","1","0","0","1","1","0","1","0","0","0","1","1","0","0","0","1","0","0","0","1"
"Viviania_marifolia",0.43355928085105,0.291687878841025,-0.370129232592074,0.0384931216028799,0.410413406723782,-0.530548267484526,-0.374765185864887,"1","0","0","1","0","1","0","1","1","0","0","1","0","0","0","1","1","0","1","1","0","1","0","0","0","1","1","0","0","0","1","0","0","1","0"
"Vriesea_carinata",-1.06386227395981,-0.195963182020604,0.989166434050738,0.0384931216028799,0.345104142871216,0.974284243333207,-0.921831719953213,"1","0","0","1","0","1","0","1","1","0","1","0","0","0","0","1","1","0","0","1","0","1","0","0","0","1","1","0","0","0","1","0","1","1","0"
"Warburgia_ugandensis",1.45719632373774,0.291687878841025,0.234528612152948,0.805278368522632,0.410413406723782,0.375839733116676,2.02693335117107,"0","1","0","1","0","1","0","1","1","0","0","1","0","0","0","1","0","0","1","1","0","1","0","0","0","1","1","0","0","0","1","0","0","1","1"
"Wurmbea_biglandulosa",-1.40077577119764,-0.195963182020604,1.04940823367059,0.0384931216028799,0.356978554480774,0.203185443831913,-0.545434047908118,"1","0","0","1","0","1","1","1","1","0","0","1","0","0","0","1","0","1","0","0","1","1","1","0","0","1","1","0","0","0","1","0","0","1","0"
"Xanthosoma_sagittifolium",0.0328540784407074,-0.370013379293491,1.34067608194502,0.561326006529976,0.410413406723782,0.209844143697408,-0.283125769833964,"1","0","0","1","0","1","0","1","1","0","0","1","0","0","0","1","0","1","1","1","1","0","1","0","0","1","0","0","1","0","1","0","0","1","0"
"Ximenia_americana",0.562557543274467,-0.00439628918441568,-0.784439733353737,0.470324178418419,0.321355319652101,-0.0651932809305539,1.47242005209885,"0","1","0","1","0","1","0","1","1","0","0","1","0","0","0","1","1","0","1","1","0","1","0","0","0","1","1","0","0","0","1","0","0","1","1"
"Zea_mays",0.313523917474677,-0.85766444015512,-0.784439733353737,-1.61060131658324,-0.198150188266047,-0.476756781356612,1.16779768007084,"1","0","0","1","0","1","0","1","0","1","0","1","0","1","0","0","0","0","1","1","0","0","1","0","0","1","0","1","0","0","1","0","0","0","1"
"Zelkova_serrata",1.59836546534908,-0.0488058370226956,-0.784439733353737,-0.570138569082411,0.0779298816561681,-0.313570193907975,0.357365089445885,"0","1","0","1","0","1","0","1","1","0","0","1","0","1","0","0","1","0","0","1","0","1","1","0","0","1","0","1","0","0","1","0","0","0","1"
"Zostera_marina",-0.574043271343317,-1.90643612097834,-0.784439733353737,-0.570138569082411,-0.88983466452278,-0.663637791147085,-0.134444969943238,"1","0","0","1","1","0","0","1","1","0","1","0","0","1","0","0","1","0","0","1","0","0","1","0","0","1","0","1","0","0","1","0","0","0","1"
