"","lambda","K","p_lambda","p_K"
"Maximum.vertical.height",0.774538424063289,0.736565806975775,2.2727690042517e-13,0.001
"Number.of.fertile.stamens",0.914581933021834,0.903555246444718,2.52603196113365e-29,0.001
"Number.of.ovules.per.carpel",0.599357735465644,0.683589647999977,0.000440549162332899,0.003
"Number.of.carpels",0.947143837745634,0.937085118448772,3.0925191844521e-19,0.001
"Fusion.of.ovaries",1.08488541506685,1.9431418881019,2.12276827816481e-27,0.001
"Flower.size",0.744092412443837,0.738893947877067,1.76543276268e-12,0.001
"seedMass",0.761695739885832,0.76511521674641,1.30578184172007e-10,0.001
